QoS_type,QoS_type_EncryptionTime(ms),QoS_type_EncryptedSize(Bytes),QoD_model,QoD_model_EncryptionTime(ms),QoD_model_EncryptedSize(Bytes),QoD_os-version,QoD_os-version_EncryptionTime(ms),QoD_os-version_EncryptedSize(Bytes),QoS_operator,QoS_operator_EncryptionTime(ms),QoS_operator_EncryptedSize(Bytes),MOS,MOS_EncryptionTime(ms),MOS_EncryptedSize(Bytes)
4,22.575,2,3,7.756,2,2,3.340,2,2,5.146,2,3,6.109,2
5,4.311,2,14,4.899,2,17,3.371,2,4,4.780,2,5,3.777,2
2,3.258,2,15,3.097,2,11,3.114,2,2,3.133,2,4,2.791,2
2,3.575,2,8,2.759,2,4,2.928,2,2,2.875,2,5,3.172,2
4,3.019,2,15,3.187,2,11,3.075,2,4,3.109,2,5,3.125,2
3,2.855,2,14,5.190,2,17,3.911,2,4,3.004,2,4,4.419,2
5,3.722,2,6,3.053,2,14,3.068,2,4,2.930,2,5,2.923,2
4,3.010,2,14,2.921,2,17,3.457,2,4,2.977,2,4,2.689,2
5,11.854,2,3,7.281,2,2,5.398,2,4,3.561,2,3,3.995,2
4,3.480,2,14,3.445,2,17,3.519,2,2,5.225,2,4,4.627,2
2,2.961,2,6,2.706,2,14,4.368,2,1,3.086,2,4,5.871,2
2,3.937,2,6,3.723,2,14,3.872,2,1,3.518,2,4,5.223,2
2,3.365,2,6,2.937,2,14,2.783,2,2,4.804,2,5,2.758,2
4,2.990,2,6,3.319,2,14,3.132,2,4,4.936,2,4,6.703,2
5,6.699,2,1,3.110,2,1,3.290,2,1,3.786,2,5,3.921,2
4,3.456,2,6,3.495,2,14,4.548,2,2,2.925,2,5,2.950,2
3,3.161,2,3,3.288,2,2,3.537,2,1,3.171,2,5,3.449,2
5,2.968,2,14,3.345,2,17,4.841,2,4,4.923,2,5,3.820,2
3,3.297,2,3,2.985,2,2,2.709,2,4,2.656,2,3,3.004,2
4,3.301,2,15,4.075,2,11,3.091,2,2,5.568,2,4,4.376,2
3,3.799,2,3,4.215,2,2,4.185,2,4,3.045,2,5,3.071,2
4,3.087,2,15,2.984,2,11,2.688,2,2,2.980,2,5,5.957,2
5,3.572,2,14,2.954,2,17,2.839,2,4,4.121,2,3,3.954,2
3,3.016,2,3,3.477,2,2,4.701,2,4,3.046,2,5,3.037,2
3,3.006,2,3,2.964,2,2,3.487,2,1,3.561,2,4,3.066,2
4,3.157,2,15,2.718,2,11,5.121,2,4,4.800,2,5,3.174,2
4,3.197,2,1,3.097,2,1,3.107,2,2,2.989,2,4,2.934,2
5,3.132,2,6,2.964,2,16,3.409,2,4,3.644,2,4,2.655,2
4,3.725,2,6,2.843,2,14,4.259,2,4,2.772,2,5,2.787,2
5,2.818,2,14,2.933,2,18,4.715,2,4,3.515,2,4,2.835,2
2,3.016,2,3,3.660,2,2,3.312,2,4,3.144,2,3,3.166,2
4,4.523,2,15,4.556,2,11,2.622,2,2,3.096,2,5,3.228,2
4,4.789,2,15,5.431,2,11,3.530,2,2,4.291,2,5,3.433,2
5,3.987,2,15,3.898,2,11,3.785,2,1,3.645,2,3,3.195,2
2,2.951,2,3,2.886,2,2,2.889,2,2,2.828,2,4,2.950,2
2,2.867,2,1,3.007,2,1,3.395,2,4,2.687,2,4,3.252,2
2,3.524,2,15,3.425,2,11,3.029,2,2,3.358,2,4,3.519,2
4,3.108,2,15,3.663,2,11,3.759,2,2,4.246,2,4,3.126,2
4,5.227,2,15,4.953,2,11,5.495,2,3,5.894,2,3,4.981,2
2,5.675,2,3,4.078,2,2,3.895,2,4,3.501,2,5,3.259,2
4,3.133,2,3,3.094,2,2,3.012,2,4,2.885,2,5,2.638,2
5,2.815,2,1,3.213,2,1,3.469,2,1,4.788,2,4,3.151,2
3,3.717,2,3,8.336,2,2,12.862,2,4,4.506,2,4,3.347,2
5,4.426,2,4,2.813,2,8,3.324,2,4,3.979,2,5,3.007,2
2,3.521,2,3,2.786,2,2,3.047,2,1,3.156,2,3,3.717,2
5,4.380,2,5,2.847,2,7,3.238,2,4,2.916,2,5,3.738,2
3,2.974,2,3,4.366,2,2,4.497,2,1,2.769,2,4,2.620,2
3,3.578,2,3,3.417,2,2,2.859,2,4,2.634,2,3,3.251,2
5,3.585,2,14,3.322,2,17,4.495,2,4,3.119,2,4,2.922,2
2,3.672,2,3,2.919,2,2,2.580,2,1,3.831,2,5,3.416,2
2,2.783,2,8,2.877,2,4,2.784,2,2,2.696,2,4,2.886,2
3,2.939,2,1,4.669,2,1,3.115,2,4,3.332,2,2,2.820,2
2,2.987,2,3,3.844,2,2,5.178,2,1,3.236,2,4,5.303,2
5,5.864,2,14,4.030,2,17,3.351,2,4,3.519,2,5,3.098,2
2,3.155,2,15,2.990,2,11,3.002,2,2,5.276,2,4,3.579,2
2,2.749,2,6,3.250,2,14,3.152,2,1,3.191,2,3,3.529,2
5,3.018,2,3,2.916,2,2,2.799,2,4,2.664,2,4,2.874,2
2,2.888,2,15,2.699,2,11,2.526,2,2,3.434,2,5,3.359,2
4,3.454,2,1,3.129,2,1,3.525,2,2,3.493,2,4,3.652,2
3,2.929,2,6,3.290,2,14,3.132,2,4,3.377,2,4,3.014,2
4,4.120,2,8,3.047,2,4,3.895,2,3,5.336,2,4,5.443,2
5,4.333,2,8,3.959,2,4,4.793,2,4,4.600,2,4,4.572,2
4,2.808,2,8,3.299,2,4,2.998,2,3,3.006,2,4,3.177,2
5,3.443,2,14,4.882,2,17,5.161,2,4,4.943,2,5,3.123,2
3,4.232,2,14,5.616,2,17,3.756,2,4,5.062,2,5,2.924,2
2,3.203,2,8,3.216,2,4,4.565,2,2,3.370,2,4,2.880,2
4,2.858,2,15,2.740,2,11,2.844,2,2,3.255,2,5,3.326,2
5,3.617,2,8,3.259,2,4,2.783,2,4,2.664,2,2,3.708,2
2,3.196,2,14,3.555,2,17,3.091,2,2,4.660,2,5,3.202,2
2,2.855,2,14,3.545,2,17,2.965,2,4,3.536,2,4,3.232,2
2,2.798,2,15,3.592,2,11,3.479,2,2,4.108,2,5,3.732,2
2,3.145,2,3,2.708,2,2,3.900,2,2,3.385,2,5,3.565,2
2,2.789,2,3,2.899,2,2,2.793,2,4,4.189,2,4,2.617,2
2,3.748,2,3,3.265,2,2,3.772,2,1,3.560,2,3,3.478,2
5,2.679,2,1,3.775,2,1,3.414,2,1,3.023,2,5,2.826,2
2,3.639,2,3,2.947,2,2,2.871,2,1,3.828,2,5,5.214,2
2,4.068,2,14,3.778,2,17,3.547,2,2,3.693,2,3,3.838,2
3,3.673,2,1,3.646,2,1,4.473,2,4,3.519,2,4,4.044,2
2,3.868,2,3,3.750,2,2,3.471,2,1,3.578,2,3,3.289,2
5,4.645,2,8,3.626,2,4,3.437,2,4,3.124,2,5,4.549,2
5,2.865,2,8,2.996,2,4,2.755,2,4,4.517,2,4,3.017,2
5,3.102,2,8,3.422,2,4,2.932,2,4,2.547,2,4,3.543,2
5,3.583,2,3,3.349,2,2,2.842,2,4,3.941,2,4,4.407,2
4,3.163,2,15,3.615,2,11,2.870,2,2,3.322,2,5,2.819,2
3,2.692,2,3,3.067,2,2,2.883,2,4,3.088,2,4,3.141,2
2,3.321,2,15,3.011,2,11,3.345,2,3,2.922,2,4,4.270,2
2,2.879,2,15,2.838,2,11,2.823,2,2,5.224,2,4,3.576,2
5,5.520,2,8,3.026,2,4,3.619,2,4,3.056,2,1,3.462,2
5,3.747,2,4,3.565,2,8,3.378,2,4,3.460,2,3,3.183,2
5,2.977,2,15,2.956,2,12,2.864,2,4,2.926,2,4,2.877,2
2,3.394,2,3,3.521,2,2,3.971,2,3,3.422,2,4,3.546,2
5,2.975,2,3,2.919,2,2,2.909,2,4,3.032,2,3,2.921,2
2,2.996,2,3,2.714,2,2,3.134,2,1,3.414,2,5,3.229,2
4,2.989,2,15,3.073,2,11,2.894,2,4,3.658,2,4,4.034,2
2,2.867,2,8,4.377,2,4,5.174,2,3,5.233,2,4,3.351,2
5,3.191,2,3,3.165,2,2,3.690,2,4,3.495,2,4,3.403,2
3,3.526,2,6,3.482,2,14,2.924,2,4,3.928,2,4,2.744,2
3,3.179,2,6,3.342,2,14,3.427,2,4,2.975,2,4,4.183,2
5,4.714,2,6,2.985,2,6,3.910,2,4,3.672,2,3,3.473,2
3,3.422,2,3,2.929,2,2,4.873,2,4,4.809,2,4,4.608,2
4,4.266,2,15,3.164,2,11,3.117,2,2,3.050,2,4,4.652,2
2,4.979,2,15,3.055,2,11,4.075,2,2,2.967,2,4,4.010,2
3,3.533,2,14,3.444,2,17,3.484,2,4,5.113,2,3,3.906,2
2,2.856,2,6,3.187,2,14,3.321,2,4,3.226,2,4,3.097,2
2,3.474,2,3,3.180,2,2,3.382,2,2,2.716,2,3,2.889,2
3,3.211,2,3,3.197,2,2,2.973,2,4,3.123,2,4,3.199,2
3,3.252,2,8,3.330,2,4,3.108,2,4,4.716,2,4,3.150,2
4,4.197,2,15,3.721,2,11,3.019,2,4,5.281,2,5,3.209,2
5,2.809,2,14,2.755,2,17,4.516,2,4,3.340,2,4,3.301,2
5,3.272,2,14,4.706,2,17,4.435,2,4,4.022,2,3,3.987,2
3,3.360,2,3,3.613,2,2,3.030,2,4,4.740,2,3,4.393,2
3,3.007,2,3,4.588,2,2,5.001,2,4,2.849,2,4,5.308,2
4,2.856,2,15,2.797,2,11,4.019,2,4,5.107,2,4,5.029,2
2,4.675,2,14,5.485,2,17,2.970,2,4,3.414,2,4,3.249,2
4,2.829,2,15,3.050,2,11,4.793,2,4,5.011,2,4,2.917,2
3,2.851,2,3,2.695,2,2,3.922,2,4,3.784,2,4,3.018,2
5,3.503,2,14,3.909,2,17,3.040,2,4,3.033,2,5,2.767,2
2,2.924,2,15,3.253,2,11,2.741,2,2,2.971,2,4,3.366,2
3,3.528,2,14,3.374,2,17,2.893,2,1,3.465,2,5,3.904,2
5,3.255,2,8,4.195,2,4,3.005,2,4,3.297,2,4,3.503,2
4,2.883,2,8,7.319,2,4,5.361,2,3,4.132,2,4,3.694,2
4,2.931,2,1,5.126,2,1,5.232,2,3,3.662,2,1,3.427,2
5,5.105,2,6,4.783,2,14,2.971,2,1,2.848,2,3,3.403,2
5,3.529,2,15,3.450,2,13,4.299,2,4,3.981,2,5,4.439,2
5,3.021,2,15,2.881,2,9,2.843,2,4,3.405,2,4,3.558,2
2,5.189,2,3,4.859,2,2,3.171,2,1,3.579,2,5,3.355,2
5,3.348,2,1,3.767,2,1,3.167,2,4,3.067,2,4,3.280,2
3,3.241,2,3,4.769,2,2,3.265,2,4,2.977,2,3,3.292,2
2,5.093,2,15,3.602,2,11,3.186,2,2,3.509,2,5,3.177,2
2,5.142,2,3,5.011,2,2,2.769,2,4,2.927,2,4,2.910,2
5,5.039,2,8,3.049,2,4,2.958,2,4,2.923,2,4,2.711,2
5,3.896,2,6,2.897,2,14,3.071,2,1,3.064,2,4,4.944,2
5,3.493,2,8,4.583,2,4,4.413,2,4,2.814,2,3,3.672,2
2,3.683,2,8,3.338,2,4,5.330,2,3,2.888,2,5,2.991,2
4,2.818,2,15,2.817,2,11,3.142,2,4,3.420,2,5,2.962,2
3,3.180,2,6,3.347,2,16,3.832,2,4,3.289,2,4,2.996,2
5,3.505,2,14,3.077,2,17,3.440,2,1,3.247,2,4,3.279,2
5,3.659,2,14,3.592,2,17,3.557,2,4,3.372,2,4,3.359,2
2,3.300,2,8,3.497,2,4,3.199,2,1,3.244,2,4,3.743,2
2,3.510,2,6,3.381,2,14,3.439,2,4,3.127,2,4,3.292,2
5,3.665,2,6,3.238,2,5,2.995,2,4,2.752,2,4,3.851,2
5,3.034,2,14,3.495,2,17,3.174,2,4,2.999,2,4,2.856,2
5,2.859,2,14,2.970,2,17,2.974,2,4,2.660,2,4,2.891,2
4,3.598,2,8,2.934,2,4,2.568,2,1,3.572,2,5,3.352,2
5,2.844,2,14,3.396,2,17,6.135,2,4,5.792,2,4,3.488,2
5,4.424,2,14,3.532,2,17,3.752,2,4,3.823,2,5,2.935,2
4,3.535,2,8,3.299,2,4,5.232,2,4,4.995,2,3,5.154,2
5,5.664,2,14,3.851,2,18,5.382,2,4,3.301,2,4,3.133,2
2,3.082,2,3,3.818,2,2,3.935,2,1,2.822,2,5,3.265,2
5,4.728,2,5,4.664,2,7,5.069,2,4,3.334,2,3,3.303,2
5,3.221,2,14,3.431,2,17,3.406,2,4,3.188,2,4,3.093,2
5,3.149,2,14,3.226,2,17,3.226,2,4,3.353,2,3,3.230,2
5,4.592,2,15,2.979,2,12,3.619,2,4,3.379,2,5,3.330,2
2,2.861,2,3,3.197,2,2,3.147,2,1,2.795,2,4,3.304,2
5,2.711,2,4,2.892,2,8,2.848,2,4,3.055,2,5,3.374,2
2,4.378,2,14,4.723,2,17,5.014,2,2,6.061,2,3,4.918,2
5,4.087,2,14,3.333,2,17,3.031,2,4,3.198,2,5,2.849,2
5,3.307,2,6,5.106,2,5,3.114,2,4,2.833,2,5,3.020,2
5,3.551,2,14,3.604,2,17,4.640,2,4,4.475,2,5,3.466,2
4,2.933,2,15,2.885,2,11,4.897,2,4,4.616,2,4,3.468,2
5,3.062,2,14,3.701,2,17,3.529,2,4,2.995,2,5,3.069,2
2,3.058,2,15,3.559,2,11,3.522,2,2,3.753,2,4,3.578,2
5,4.128,2,14,3.815,2,17,4.586,2,4,3.893,2,5,3.650,2
5,3.466,2,7,3.066,2,3,4.289,2,4,5.236,2,4,3.860,2
4,3.147,2,6,5.403,2,14,3.067,2,4,4.441,2,5,4.781,2
5,2.843,2,14,4.794,2,17,3.090,2,4,4.917,2,3,3.403,2
3,5.031,2,3,5.634,2,2,6.345,2,4,4.856,2,4,3.794,2
5,3.243,2,5,2.791,2,7,3.368,2,4,3.776,2,4,3.566,2
2,3.486,2,14,2.813,2,17,3.098,2,2,2.735,2,5,3.098,2
5,3.087,2,8,3.253,2,4,3.036,2,4,3.343,2,4,2.809,2
2,3.286,2,8,2.920,2,4,2.850,2,2,4.663,2,5,3.553,2
3,3.119,2,3,4.562,2,2,4.582,2,4,4.698,2,4,3.469,2
2,3.481,2,3,3.556,2,2,2.606,2,1,4.757,2,3,3.498,2
5,3.409,2,14,2.867,2,17,2.935,2,4,4.260,2,4,3.577,2
5,2.962,2,14,3.248,2,17,3.199,2,4,3.312,2,4,4.626,2
3,3.675,2,14,4.730,2,17,4.846,2,4,4.403,2,4,3.552,2
3,4.344,2,14,5.618,2,17,2.770,2,4,6.171,2,4,4.951,2
5,3.796,2,6,3.100,2,14,3.264,2,1,3.637,2,5,3.070,2
5,3.328,2,15,3.327,2,9,2.874,2,4,3.364,2,4,3.099,2
5,3.793,2,14,3.440,2,17,3.920,2,4,4.147,2,5,2.773,2
5,2.724,2,14,2.944,2,17,2.865,2,4,3.250,2,3,3.185,2
5,2.850,2,14,4.977,2,17,3.265,2,4,3.663,2,4,3.068,2
5,3.247,2,14,2.961,2,17,4.177,2,4,2.928,2,5,2.985,2
5,3.411,2,14,3.522,2,17,3.327,2,4,4.024,2,4,2.970,2
3,3.590,2,3,2.981,2,2,3.368,2,1,3.601,2,4,3.144,2
2,3.372,2,1,3.156,2,1,3.464,2,4,3.358,2,4,3.251,2
3,3.322,2,3,3.625,2,2,3.056,2,1,3.285,2,5,2.967,2
5,2.960,2,8,2.891,2,4,3.031,2,4,3.375,2,4,3.544,2
5,3.503,2,14,3.281,2,17,4.773,2,4,3.247,2,3,5.456,2
5,3.528,2,14,3.255,2,17,3.742,2,4,3.697,2,5,3.968,2
5,3.617,2,14,3.783,2,17,3.459,2,4,3.490,2,4,3.624,2
5,3.386,2,8,3.561,2,4,3.572,2,4,5.031,2,1,4.501,2
5,4.896,2,3,2.657,2,2,3.305,2,4,3.393,2,3,3.367,2
2,3.162,2,3,4.793,2,2,4.436,2,1,3.288,2,4,4.250,2
5,5.266,2,7,4.844,2,3,3.601,2,4,3.571,2,4,2.886,2
2,3.820,2,3,3.685,2,2,2.768,2,2,3.361,2,4,2.732,2
5,2.686,2,14,3.820,2,17,3.643,2,4,3.437,2,3,3.392,2
2,3.307,2,8,2.814,2,4,3.124,2,1,3.061,2,4,4.878,2
4,3.085,2,6,3.508,2,14,3.145,2,4,3.340,2,3,4.457,2
2,3.210,2,3,4.975,2,2,5.746,2,1,6.479,2,3,5.844,2
5,3.470,2,6,3.776,2,14,2.994,2,4,2.906,2,4,3.308,2
4,4.021,2,15,3.377,2,11,4.849,2,4,2.724,2,5,3.366,2
5,3.163,2,5,3.237,2,7,3.165,2,4,4.648,2,5,3.555,2
5,3.860,2,14,2.953,2,17,2.887,2,4,3.083,2,4,3.446,2
3,3.550,2,3,5.263,2,2,3.736,2,4,4.666,2,4,4.732,2
5,2.872,2,14,3.381,2,17,4.481,2,4,3.004,2,5,2.969,2
5,2.912,2,14,2.926,2,17,2.931,2,4,2.647,2,3,2.987,2
5,3.249,2,3,3.302,2,2,3.181,2,4,3.204,2,4,3.476,2
5,3.057,2,8,3.075,2,4,3.015,2,4,3.735,2,3,3.766,2
2,3.301,2,15,3.048,2,11,3.985,2,2,3.196,2,2,4.595,2
3,2.925,2,6,4.326,2,14,5.041,2,4,5.557,2,5,4.703,2
5,3.251,2,3,3.753,2,2,3.615,2,4,3.176,2,4,3.618,2
2,2.985,2,6,3.038,2,14,2.898,2,2,3.473,2,5,3.589,2
5,3.180,2,14,4.378,2,17,3.994,2,4,2.856,2,4,2.634,2
5,2.754,2,14,3.065,2,17,3.103,2,1,3.324,2,4,3.084,2
5,2.564,2,3,3.080,2,2,3.354,2,4,3.004,2,4,3.369,2
4,3.341,2,3,3.201,2,2,3.158,2,1,3.124,2,4,3.007,2
5,5.101,2,14,4.713,2,17,4.957,2,4,3.168,2,3,4.691,2
2,4.847,2,3,2.938,2,2,4.723,2,1,4.762,2,3,3.963,2
4,4.508,2,8,3.612,2,4,3.543,2,3,2.745,2,4,3.189,2
2,3.433,2,15,3.335,2,11,3.305,2,2,3.173,2,3,3.638,2
5,6.599,2,14,3.686,2,17,3.413,2,4,3.723,2,4,2.560,2
5,3.599,2,14,3.328,2,17,3.163,2,4,3.188,2,2,3.305,2
2,3.330,2,15,3.195,2,11,3.238,2,2,3.392,2,4,3.662,2
2,3.492,2,3,2.902,2,2,3.212,2,1,3.443,2,5,3.588,2
5,3.064,2,3,2.841,2,2,2.847,2,4,3.252,2,4,3.508,2
5,3.283,2,14,4.569,2,17,3.303,2,4,2.922,2,5,3.996,2
5,2.598,2,14,2.876,2,17,2.975,2,4,3.392,2,5,5.623,2
2,3.034,2,15,2.789,2,11,3.126,2,4,3.274,2,4,3.638,2
5,3.468,2,14,4.931,2,17,4.674,2,4,3.523,2,4,3.395,2
5,3.536,2,15,3.016,2,11,3.569,2,4,3.399,2,4,3.053,2
5,3.259,2,14,3.680,2,17,3.150,2,4,2.800,2,4,4.221,2
5,5.533,2,15,4.613,2,9,4.309,2,4,4.286,2,4,2.791,2
5,3.806,2,14,3.547,2,17,4.848,2,4,3.645,2,3,3.561,2
5,3.217,2,14,3.660,2,17,3.329,2,4,3.221,2,5,3.629,2
5,3.346,2,14,3.182,2,17,3.375,2,4,3.459,2,4,3.629,2
5,3.297,2,14,3.521,2,17,3.218,2,4,3.165,2,3,3.588,2
4,3.227,2,5,3.849,2,7,3.642,2,3,3.749,2,4,2.877,2
2,2.883,2,14,2.952,2,17,3.044,2,4,3.330,2,4,4.310,2
5,5.096,2,3,3.587,2,2,3.079,2,4,3.221,2,4,3.673,2
3,3.104,2,14,3.315,2,17,3.136,2,1,3.000,2,4,5.091,2
5,2.900,2,14,3.010,2,18,3.665,2,4,2.866,2,5,3.312,2
5,3.685,2,15,3.798,2,11,3.282,2,4,3.507,2,4,2.990,2
5,2.949,2,3,2.853,2,2,2.935,2,1,2.850,2,3,5.093,2
5,3.314,2,15,3.721,2,12,3.917,2,4,2.818,2,4,3.278,2
4,5.297,2,15,3.403,2,11,2.978,2,4,3.109,2,5,2.708,2
2,3.364,2,14,3.301,2,17,3.203,2,2,2.945,2,5,2.810,2
4,2.756,2,8,3.103,2,4,2.930,2,3,3.001,2,4,2.924,2
3,3.017,2,14,3.326,2,18,3.118,2,4,3.513,2,5,3.397,2
5,3.316,2,4,2.941,2,8,2.855,2,4,2.832,2,4,3.061,2
5,3.319,2,6,3.144,2,14,3.084,2,4,4.375,2,5,9.768,2
5,4.624,2,14,5.286,2,17,2.988,2,4,2.913,2,3,5.024,2
5,2.901,2,6,2.998,2,6,3.162,2,4,3.365,2,3,3.245,2
5,3.031,2,14,2.741,2,17,3.354,2,4,3.659,2,5,3.438,2
5,2.819,2,14,3.031,2,18,2.952,2,4,3.328,2,2,6.141,2
4,4.147,2,6,3.953,2,14,3.638,2,4,3.857,2,4,3.863,2
4,3.201,2,14,4.163,2,17,3.508,2,1,2.894,2,4,2.876,2
4,3.655,2,8,3.930,2,4,3.005,2,3,2.659,2,5,3.181,2
4,3.416,2,7,3.261,2,3,3.079,2,3,2.948,2,4,3.198,2
4,3.202,2,8,2.934,2,4,3.014,2,3,2.886,2,4,3.023,2
5,3.523,2,14,3.350,2,17,3.518,2,4,5.104,2,4,5.007,2
5,3.307,2,15,4.647,2,11,4.973,2,4,3.632,2,4,2.894,2
5,4.656,2,6,3.227,2,6,5.128,2,4,4.375,2,5,2.785,2
4,4.388,2,6,4.335,2,14,5.015,2,4,5.709,2,4,5.328,2
4,5.078,2,8,4.743,2,4,4.538,2,1,4.467,2,2,2.946,2
5,5.385,2,14,5.440,2,17,3.021,2,4,2.954,2,4,2.987,2
5,3.110,2,3,4.934,2,2,2.708,2,1,4.003,2,4,3.466,2
4,4.076,2,14,3.299,2,17,3.113,2,4,3.173,2,5,3.291,2
5,3.236,2,14,5.913,2,17,5.932,2,4,3.887,2,5,3.389,2
5,5.107,2,14,3.379,2,17,4.969,2,1,3.553,2,5,5.241,2
5,4.738,2,3,5.053,2,2,3.174,2,4,3.084,2,3,3.168,2
5,3.007,2,14,2.977,2,17,3.371,2,4,3.649,2,5,4.423,2
2,3.454,2,14,3.396,2,17,3.222,2,1,3.390,2,5,3.130,2
2,4.279,2,15,2.805,2,11,3.098,2,4,5.340,2,3,3.054,2
4,5.764,2,8,3.483,2,4,4.163,2,3,3.790,2,4,2.767,2
4,3.105,2,8,3.145,2,4,3.087,2,3,2.782,2,3,3.135,2
5,3.285,2,4,3.205,2,8,3.184,2,4,3.549,2,2,2.929,2
3,4.624,2,3,3.252,2,2,3.044,2,1,3.703,2,4,3.215,2
5,2.880,2,6,3.389,2,14,2.928,2,4,2.878,2,4,2.889,2
5,3.067,2,8,2.609,2,4,3.717,2,4,5.431,2,3,5.836,2
5,3.035,2,14,3.222,2,17,3.719,2,1,3.085,2,4,2.810,2
5,2.885,2,15,2.829,2,11,2.885,2,4,2.875,2,5,2.707,2
5,3.556,2,5,3.411,2,10,2.778,2,4,2.787,2,5,3.299,2
4,3.672,2,6,3.454,2,14,2.938,2,4,4.580,2,4,3.414,2
5,2.863,2,8,2.966,2,4,2.931,2,4,9.127,2,3,4.742,2
2,3.872,2,15,2.881,2,11,3.826,2,2,3.601,2,4,3.300,2
5,2.990,2,14,2.975,2,17,2.745,2,4,2.834,2,3,4.264,2
5,4.423,2,8,2.881,2,4,3.373,2,4,4.448,2,4,4.568,2
5,3.403,2,14,5.267,2,17,3.441,2,1,2.900,2,4,2.987,2
5,3.200,2,6,2.758,2,14,2.764,2,4,2.751,2,3,2.762,2
4,2.841,2,6,4.335,2,5,3.637,2,3,3.469,2,4,2.902,2
5,2.783,2,14,3.352,2,17,3.137,2,4,3.660,2,4,4.451,2
4,4.653,2,3,2.946,2,2,2.912,2,3,2.979,2,4,3.029,2
3,3.074,2,14,5.019,2,17,4.906,2,1,3.743,2,5,3.538,2
5,4.642,2,14,4.776,2,17,4.203,2,4,3.823,2,5,3.388,2
2,3.530,2,8,3.045,2,4,4.783,2,1,5.455,2,1,3.509,2
2,3.161,2,15,3.457,2,11,3.125,2,2,2.605,2,3,5.513,2
5,2.638,2,14,3.614,2,17,2.942,2,4,4.496,2,4,3.481,2
5,3.211,2,14,3.389,2,17,3.350,2,1,3.136,2,4,2.893,2
5,3.445,2,14,3.453,2,17,3.272,2,4,3.154,2,4,3.405,2
4,2.759,2,8,2.870,2,4,2.855,2,4,2.907,2,3,2.874,2
2,2.715,2,3,2.587,2,2,2.683,2,1,3.109,2,5,3.078,2
4,3.226,2,14,3.125,2,17,3.356,2,2,3.289,2,3,3.289,2
2,3.069,2,15,2.883,2,11,2.924,2,4,2.954,2,5,2.902,2
5,4.313,2,15,3.298,2,11,3.027,2,4,2.898,2,3,4.784,2
2,3.018,2,3,3.256,2,2,3.136,2,1,3.034,2,5,3.055,2
5,3.054,2,14,3.114,2,17,2.997,2,4,4.033,2,4,4.720,2
5,3.092,2,6,2.796,2,6,3.817,2,4,5.287,2,2,3.831,2
5,4.632,2,8,4.849,2,4,3.121,2,4,3.149,2,4,3.072,2
5,3.346,2,14,4.050,2,17,3.467,2,1,4.017,2,4,3.706,2
5,4.873,2,14,4.129,2,17,4.658,2,4,5.778,2,4,3.528,2
5,4.156,2,14,4.656,2,17,3.355,2,1,4.714,2,5,5.210,2
5,4.415,2,15,5.062,2,11,2.843,2,4,3.108,2,3,2.989,2
4,2.778,2,8,3.295,2,4,4.831,2,4,3.489,2,2,3.622,2
2,3.406,2,3,9.751,2,2,2.633,2,2,4.756,2,3,3.410,2
5,3.853,2,14,4.318,2,18,3.892,2,4,2.853,2,1,2.910,2
2,3.011,2,15,6.127,2,11,3.885,2,2,3.256,2,4,3.124,2
5,2.922,2,15,3.300,2,9,2.830,2,4,3.743,2,4,3.528,2
5,3.632,2,14,3.237,2,17,3.107,2,4,2.902,2,4,2.872,2
5,2.888,2,4,2.728,2,8,4.395,2,4,2.918,2,5,3.155,2
5,3.487,2,14,4.835,2,17,4.676,2,4,3.181,2,5,3.503,2
5,3.363,2,15,3.012,2,9,3.270,2,4,2.999,2,5,2.967,2
5,3.032,2,14,3.379,2,17,3.276,2,4,3.147,2,4,3.377,2
4,3.121,2,8,2.864,2,4,3.353,2,4,3.504,2,4,3.359,2
5,4.861,2,8,3.002,2,4,3.145,2,4,3.117,2,2,3.102,2
2,3.239,2,14,3.283,2,17,3.455,2,2,3.746,2,4,3.450,2
5,3.557,2,15,3.324,2,11,3.184,2,4,4.645,2,4,4.095,2
2,2.943,2,8,3.431,2,4,3.457,2,3,3.450,2,4,3.907,2
5,3.110,2,4,3.227,2,8,3.476,2,4,5.948,2,4,2.757,2
4,2.563,2,8,3.414,2,4,3.818,2,4,3.132,2,3,3.055,2
5,5.269,2,14,3.979,2,17,3.609,2,4,2.880,2,4,4.042,2
5,3.204,2,14,3.550,2,17,3.789,2,1,3.722,2,4,5.205,2
2,3.124,2,8,3.377,2,4,4.635,2,1,3.272,2,2,3.644,2
5,2.842,2,6,2.847,2,14,3.321,2,4,3.010,2,3,3.515,2
4,3.821,2,14,3.161,2,17,3.412,2,4,3.352,2,4,2.994,2
5,2.984,2,8,4.600,2,4,4.251,2,1,3.095,2,4,2.846,2
5,2.931,2,8,2.841,2,4,2.799,2,4,2.652,2,4,2.871,2
5,3.714,2,15,2.992,2,12,2.776,2,4,3.481,2,4,4.722,2
4,2.963,2,15,3.015,2,11,3.163,2,3,3.150,2,3,4.648,2
4,5.600,2,8,5.006,2,4,3.304,2,1,4.891,2,2,4.463,2
2,3.560,2,8,4.964,2,4,3.540,2,3,3.787,2,5,3.793,2
2,3.490,2,15,3.483,2,11,3.506,2,2,5.761,2,3,3.209,2
5,6.060,2,8,3.899,2,4,4.755,2,1,6.416,2,4,6.594,2
5,3.728,2,14,3.676,2,17,3.570,2,4,4.068,2,2,4.183,2
5,4.290,2,8,4.747,2,4,3.750,2,4,3.824,2,5,4.218,2
4,4.091,2,15,4.172,2,13,6.121,2,4,4.760,2,4,6.193,2
4,4.269,2,8,4.103,2,4,3.834,2,3,4.315,2,3,4.292,2
2,4.061,2,15,4.095,2,11,6.528,2,3,6.173,2,3,6.771,2
2,4.489,2,15,6.613,2,11,4.680,2,3,4.022,2,3,5.108,2
4,11.100,2,8,3.804,2,4,5.862,2,3,6.634,2,4,3.540,2
3,3.896,2,6,5.681,2,16,3.476,2,4,3.454,2,5,3.898,2
5,4.290,2,8,4.402,2,4,4.746,2,4,5.504,2,4,5.170,2
5,3.764,2,14,4.208,2,17,3.604,2,1,4.136,2,5,3.881,2
2,4.072,2,15,3.347,2,11,4.600,2,4,3.875,2,4,3.765,2
2,3.248,2,3,4.680,2,2,3.856,2,3,4.073,2,3,3.581,2
5,4.135,2,14,3.383,2,17,3.282,2,4,5.623,2,5,7.454,2
2,7.817,2,15,3.644,2,11,3.556,2,2,5.118,2,2,3.486,2
3,3.918,2,3,3.776,2,2,3.297,2,4,4.493,2,5,3.520,2
5,4.323,2,14,3.531,2,17,3.360,2,1,3.415,2,4,3.356,2
4,3.191,2,8,3.729,2,4,5.294,2,3,3.183,2,3,3.497,2
5,3.634,2,14,4.582,2,17,5.590,2,1,4.432,2,4,5.033,2
4,5.186,2,15,2.977,2,9,3.784,2,4,3.188,2,4,2.984,2
5,5.171,2,14,3.807,2,17,5.350,2,1,3.203,2,4,3.493,2
5,5.586,2,4,4.231,2,8,5.226,2,4,3.198,2,5,3.127,2
2,3.142,2,3,3.133,2,2,3.089,2,1,3.926,2,4,3.861,2
5,3.942,2,8,4.026,2,4,3.652,2,1,4.035,2,4,5.433,2
4,6.663,2,5,5.429,2,7,5.820,2,4,3.345,2,4,3.529,2
2,3.618,2,3,3.667,2,2,3.822,2,1,3.544,2,3,3.316,2
5,3.649,2,6,3.820,2,14,3.844,2,1,3.598,2,5,4.271,2
4,3.492,2,3,3.942,2,2,3.632,2,3,3.290,2,4,3.264,2
5,3.447,2,14,3.688,2,17,3.048,2,4,3.525,2,3,3.949,2
5,5.361,2,14,4.837,2,17,3.448,2,4,3.261,2,4,3.511,2
4,3.719,2,8,3.465,2,4,3.193,2,3,3.224,2,4,3.598,2
2,3.683,2,3,3.453,2,2,3.017,2,1,3.655,2,4,3.625,2
4,3.539,2,8,3.240,2,4,3.436,2,3,4.830,2,5,3.593,2
5,3.432,2,15,3.785,2,13,3.346,2,4,3.171,2,3,3.184,2
5,3.685,2,14,3.258,2,17,3.496,2,4,4.313,2,4,3.880,2
5,3.978,2,14,5.222,2,17,3.677,2,1,4.511,2,4,3.438,2
5,3.642,2,1,3.789,2,1,3.506,2,1,4.065,2,4,3.272,2
2,3.837,2,3,4.055,2,2,4.144,2,1,3.489,2,5,3.344,2
5,4.201,2,15,3.867,2,12,6.547,2,4,3.216,2,5,4.470,2
2,3.451,2,8,5.013,2,4,3.587,2,3,5.434,2,4,4.419,2
2,3.859,2,14,3.722,2,17,3.442,2,2,3.854,2,4,4.111,2
5,4.537,2,8,5.690,2,4,4.178,2,4,6.454,2,4,3.895,2
5,4.001,2,14,3.370,2,17,3.834,2,1,4.332,2,5,4.538,2
4,4.139,2,6,5.839,2,14,5.551,2,4,5.447,2,5,4.682,2
5,3.228,2,14,3.305,2,17,3.615,2,4,3.200,2,3,4.053,2
5,3.832,2,8,3.509,2,4,4.255,2,1,3.818,2,4,3.414,2
5,3.466,2,14,3.835,2,18,3.615,2,4,3.614,2,4,3.886,2
4,3.636,2,8,3.282,2,4,3.305,2,3,3.222,2,4,3.586,2
5,3.292,2,14,3.778,2,17,3.575,2,4,3.749,2,4,3.462,2
4,3.281,2,8,5.612,2,4,3.422,2,1,3.362,2,4,4.006,2
4,3.306,2,15,3.706,2,11,3.779,2,4,3.808,2,4,3.590,2
2,3.592,2,1,3.379,2,1,5.005,2,2,3.194,2,4,3.261,2
5,5.495,2,15,3.813,2,9,5.257,2,4,5.557,2,2,3.670,2
5,2.938,2,10,3.687,2,9,5.450,2,4,5.592,2,4,5.121,2
5,5.421,2,14,5.178,2,17,3.294,2,1,3.546,2,4,3.723,2
5,3.244,2,14,3.647,2,17,5.966,2,4,3.143,2,4,3.347,2
2,3.982,2,3,3.455,2,2,3.793,2,3,3.840,2,3,3.458,2
5,3.285,2,14,3.670,2,17,3.606,2,4,3.996,2,5,3.306,2
5,5.565,2,14,3.121,2,17,3.485,2,4,3.584,2,2,5.565,2
4,5.599,2,8,3.815,2,4,4.055,2,3,3.539,2,5,3.339,2
4,3.415,2,8,3.309,2,4,3.089,2,3,4.026,2,5,4.664,2
2,5.471,2,6,3.966,2,14,4.576,2,3,3.399,2,4,3.486,2
2,3.307,2,3,3.684,2,2,3.186,2,1,3.224,2,5,4.102,2
2,3.962,2,3,3.215,2,2,3.940,2,1,3.897,2,4,4.085,2
5,3.653,2,14,3.426,2,17,3.612,2,1,3.784,2,5,3.650,2
5,3.223,2,5,3.291,2,7,3.400,2,4,4.487,2,2,4.276,2
5,4.596,2,15,3.883,2,11,3.778,2,1,3.768,2,2,3.403,2
4,4.851,2,6,3.394,2,14,4.101,2,4,3.226,2,4,3.298,2
4,3.241,2,6,3.211,2,14,4.324,2,4,3.660,2,4,3.930,2
5,3.818,2,15,3.398,2,13,4.031,2,4,4.142,2,4,3.758,2
5,3.292,2,5,3.264,2,7,5.140,2,4,3.217,2,4,3.173,2
2,3.207,2,8,3.432,2,4,3.274,2,3,4.361,2,4,4.703,2
5,5.197,2,14,4.208,2,18,5.281,2,4,4.881,2,4,3.248,2
3,5.308,2,3,3.239,2,2,3.247,2,1,4.360,2,4,3.923,2
4,3.637,2,3,3.201,2,2,3.762,2,3,3.703,2,4,3.075,2
4,4.897,2,6,5.467,2,14,5.172,2,1,4.023,2,3,3.691,2
4,4.101,2,6,6.221,2,14,3.424,2,4,3.350,2,5,4.008,2
5,4.792,2,14,4.017,2,18,3.933,2,1,3.892,2,4,3.733,2
4,4.407,2,8,3.531,2,4,3.344,2,3,3.369,2,4,3.381,2
5,3.258,2,14,3.494,2,17,3.935,2,1,3.110,2,5,3.913,2
5,3.097,2,15,3.663,2,12,3.521,2,4,3.384,2,5,3.115,2
5,4.126,2,14,3.269,2,18,3.371,2,4,3.183,2,5,4.992,2
5,3.673,2,15,3.687,2,9,3.748,2,4,4.101,2,1,5.541,2
5,3.480,2,15,3.921,2,9,3.816,2,4,4.620,2,4,4.178,2
4,3.950,2,8,4.154,2,4,3.760,2,3,3.178,2,5,3.244,2
2,3.904,2,8,3.291,2,4,4.114,2,3,5.357,2,4,7.140,2
4,3.946,2,8,6.331,2,4,4.549,2,3,3.988,2,5,3.441,2
5,3.416,2,15,3.363,2,11,4.003,2,1,3.178,2,5,5.321,2
4,3.973,2,8,3.766,2,4,3.537,2,3,3.296,2,4,3.151,2
2,6.231,2,8,5.782,2,4,3.295,2,3,3.849,2,4,3.181,2
4,5.693,2,6,3.785,2,14,4.247,2,1,3.503,2,4,3.905,2
5,3.805,2,8,3.969,2,4,3.375,2,4,3.443,2,4,3.951,2
2,4.180,2,8,5.239,2,4,4.139,2,3,3.220,2,5,3.738,2
5,3.869,2,14,3.770,2,17,5.355,2,4,3.428,2,4,4.038,2
4,5.395,2,8,5.173,2,4,4.507,2,3,3.369,2,4,3.140,2
2,5.176,2,8,3.642,2,4,7.427,2,3,3.495,2,4,4.262,2
2,4.629,2,8,3.564,2,4,3.440,2,3,3.329,2,4,3.355,2
4,3.377,2,14,3.099,2,17,6.003,2,3,3.303,2,5,3.380,2
2,3.392,2,3,4.100,2,2,3.990,2,1,3.310,2,4,3.430,2
5,5.033,2,1,4.804,2,1,3.292,2,4,3.408,2,3,3.296,2
5,3.250,2,14,3.372,2,17,3.311,2,1,4.029,2,4,5.136,2
4,3.690,2,8,3.547,2,4,5.160,2,3,3.204,2,4,3.407,2
4,3.856,2,8,3.292,2,4,3.293,2,1,5.055,2,5,3.692,2
5,3.550,2,14,3.469,2,17,3.843,2,4,4.837,2,2,6.008,2
5,3.950,2,14,3.508,2,17,3.226,2,4,3.529,2,5,4.625,2
5,3.815,2,6,3.242,2,6,3.186,2,4,3.405,2,2,6.739,2
5,3.661,2,8,4.192,2,4,4.190,2,4,4.313,2,4,3.584,2
3,4.510,2,3,3.389,2,2,4.471,2,1,3.619,2,4,3.439,2
4,3.428,2,8,3.294,2,4,3.696,2,3,3.943,2,5,3.124,2
4,3.777,2,14,4.071,2,17,4.801,2,1,3.362,2,4,4.577,2
2,5.070,2,8,3.356,2,4,3.193,2,3,3.228,2,4,8.709,2
4,4.731,2,14,3.330,2,17,4.879,2,3,4.859,2,4,4.729,2
5,5.134,2,7,5.710,2,3,3.737,2,4,5.387,2,4,3.192,2
4,4.994,2,8,3.460,2,4,3.585,2,3,6.005,2,4,5.981,2
5,3.187,2,14,4.335,2,17,6.222,2,4,7.072,2,3,3.231,2
4,4.448,2,8,5.084,2,4,7.262,2,3,4.465,2,5,4.135,2
2,6.945,2,8,4.635,2,4,5.370,2,3,5.972,2,4,4.281,2
2,3.900,2,8,3.443,2,4,3.517,2,3,3.436,2,4,3.187,2
5,3.546,2,14,4.372,2,17,3.164,2,4,4.989,2,4,5.478,2
5,3.289,2,8,3.654,2,4,4.111,2,4,3.905,2,2,3.357,2
4,3.187,2,3,3.341,2,2,3.382,2,3,3.704,2,4,4.782,2
2,3.788,2,8,5.299,2,4,5.279,2,3,4.990,2,4,3.159,2
2,3.906,2,8,3.374,2,4,3.492,2,3,3.431,2,2,3.557,2
5,3.669,2,14,4.237,2,17,3.242,2,1,3.875,2,5,4.119,2
4,3.391,2,1,3.590,2,1,3.607,2,4,3.106,2,2,4.172,2
5,4.105,2,1,4.999,2,1,4.159,2,4,5.058,2,3,3.215,2
5,4.196,2,14,3.264,2,17,3.441,2,1,3.496,2,4,3.936,2
4,3.292,2,8,3.377,2,4,3.228,2,3,3.303,2,5,3.344,2
4,4.293,2,6,3.668,2,14,5.664,2,4,3.679,2,3,3.817,2
5,3.687,2,14,5.752,2,17,3.820,2,4,5.558,2,4,3.233,2
5,3.233,2,8,3.023,2,4,5.004,2,4,5.350,2,3,3.723,2
2,3.712,2,8,3.285,2,4,3.403,2,3,3.434,2,4,3.478,2
5,4.208,2,14,3.769,2,17,3.571,2,4,3.683,2,3,3.609,2
5,3.775,2,15,3.357,2,9,3.843,2,4,3.301,2,3,3.344,2
2,4.897,2,8,5.546,2,4,3.871,2,3,5.237,2,4,4.990,2
5,3.285,2,8,3.141,2,4,5.490,2,4,3.508,2,2,5.883,2
5,3.721,2,14,3.789,2,17,3.710,2,4,3.683,2,3,3.605,2
5,5.528,2,3,4.895,2,2,5.067,2,4,5.500,2,4,3.352,2
5,3.555,2,1,3.533,2,1,3.713,2,4,3.767,2,3,3.247,2
5,3.526,2,11,4.486,2,9,3.562,2,4,8.695,2,4,4.021,2
5,4.769,2,5,3.893,2,7,3.496,2,4,3.325,2,3,3.241,2
5,3.406,2,1,3.329,2,1,4.445,2,4,4.320,2,1,3.193,2
2,4.083,2,8,3.150,2,4,3.854,2,3,4.009,2,4,3.308,2
5,3.545,2,14,3.353,2,17,4.085,2,4,3.795,2,4,3.711,2
2,4.235,2,8,3.376,2,4,3.511,2,3,5.519,2,4,3.082,2
2,4.062,2,5,8.798,2,7,5.435,2,3,3.517,2,4,5.070,2
5,5.768,2,14,3.646,2,17,4.926,2,1,3.960,2,4,3.531,2
2,3.690,2,3,3.397,2,2,4.031,2,1,3.431,2,3,3.533,2
4,3.604,2,8,3.496,2,4,3.371,2,3,3.587,2,4,3.692,2
5,3.871,2,3,3.843,2,2,3.346,2,4,3.171,2,4,3.127,2
5,3.666,2,5,3.630,2,10,3.698,2,4,3.663,2,3,3.687,2
5,3.767,2,6,3.732,2,6,3.824,2,4,3.497,2,2,3.658,2
4,3.365,2,3,3.266,2,2,3.652,2,4,3.614,2,4,3.590,2
4,3.194,2,8,3.354,2,4,3.767,2,3,4.367,2,5,3.719,2
4,3.160,2,14,3.183,2,17,4.738,2,4,3.850,2,3,3.599,2
4,7.816,2,8,4.028,2,4,3.217,2,3,3.525,2,4,3.571,2
2,3.245,2,8,3.674,2,4,3.869,2,3,4.339,2,4,5.142,2
2,4.126,2,3,5.230,2,2,5.362,2,1,5.002,2,5,3.619,2
5,4.527,2,5,3.496,2,10,3.194,2,4,3.442,2,3,3.519,2
4,3.122,2,8,4.093,2,4,3.662,2,3,4.038,2,4,3.233,2
5,3.066,2,6,3.873,2,6,4.012,2,4,3.321,2,4,3.322,2
2,3.324,2,8,3.165,2,4,3.602,2,2,3.097,2,3,4.060,2
5,4.217,2,2,3.265,2,4,3.797,2,4,4.434,2,2,4.892,2
2,3.130,2,8,3.469,2,4,4.025,2,3,3.344,2,4,3.266,2
2,3.965,2,8,4.045,2,4,3.244,2,3,3.787,2,4,3.524,2
2,3.596,2,8,3.946,2,4,6.936,2,3,4.090,2,4,3.317,2
3,4.434,2,6,3.514,2,15,6.352,2,4,5.451,2,4,3.616,2
5,5.628,2,14,4.032,2,17,4.205,2,4,3.374,2,4,3.761,2
5,4.299,2,4,5.176,2,8,3.271,2,4,3.301,2,4,3.153,2
5,3.179,2,14,3.166,2,17,4.257,2,4,3.845,2,4,3.095,2
5,3.987,2,14,3.069,2,17,4.531,2,4,8.887,2,5,3.629,2
2,3.461,2,14,3.570,2,17,4.605,2,2,3.903,2,4,5.028,2
4,3.222,2,8,3.263,2,4,3.642,2,3,4.207,2,4,3.444,2
4,14.292,2,6,4.942,2,14,5.141,2,4,6.284,2,5,3.951,2
5,3.718,2,8,7.882,2,4,3.838,2,4,4.006,2,3,3.574,2
4,5.145,2,8,5.184,2,4,5.669,2,3,4.026,2,4,5.085,2
2,5.377,2,8,4.131,2,4,4.861,2,3,4.450,2,5,3.801,2
4,3.979,2,8,4.430,2,4,5.016,2,3,4.687,2,4,4.593,2
4,5.017,2,8,3.959,2,4,4.916,2,3,4.131,2,4,4.971,2
4,3.972,2,14,4.661,2,18,4.021,2,3,10.107,2,4,4.795,2
2,6.716,2,8,3.448,2,4,3.565,2,3,4.256,2,4,4.683,2
5,3.855,2,3,4.816,2,2,7.878,2,4,4.413,2,4,4.055,2
4,3.836,2,8,3.624,2,4,4.096,2,3,5.672,2,4,4.795,2
2,4.621,2,8,5.192,2,4,4.686,2,3,5.033,2,5,4.093,2
5,14.793,2,3,4.630,2,2,4.418,2,2,3.888,2,4,3.808,2
2,3.690,2,8,4.305,2,4,3.932,2,3,3.736,2,4,6.407,2
4,5.345,2,8,3.808,2,4,4.275,2,3,6.546,2,4,5.723,2
5,4.502,2,14,3.804,2,18,4.869,2,4,3.780,2,5,3.775,2
4,6.056,2,8,4.138,2,4,5.304,2,3,4.458,2,5,4.435,2
2,3.930,2,8,4.177,2,4,4.476,2,3,4.896,2,4,4.273,2
2,3.959,2,15,3.916,2,11,4.972,2,2,3.888,2,4,4.884,2
4,9.098,2,8,3.893,2,4,6.630,2,3,6.239,2,5,5.483,2
5,4.396,2,8,5.382,2,4,4.107,2,4,5.152,2,5,3.811,2
4,3.740,2,8,3.841,2,4,3.776,2,3,4.004,2,4,4.042,2
5,4.960,2,15,4.246,2,9,4.000,2,4,5.461,2,4,4.398,2
4,4.430,2,8,4.059,2,4,3.666,2,1,3.994,2,3,3.538,2
5,3.695,2,14,6.202,2,17,5.164,2,1,5.105,2,4,5.790,2
5,6.424,2,14,3.723,2,18,6.362,2,1,5.795,2,4,6.181,2
4,6.094,2,8,4.656,2,4,3.844,2,3,3.904,2,4,3.616,2
5,3.672,2,14,4.003,2,17,4.428,2,4,4.609,2,3,3.750,2
5,4.653,2,5,3.813,2,10,3.743,2,4,7.295,2,3,7.342,2
4,4.558,2,8,3.982,2,4,6.543,2,4,5.748,2,3,4.002,2
4,3.969,2,8,4.070,2,4,5.847,2,3,5.360,2,4,4.504,2
2,4.941,2,8,4.288,2,4,4.932,2,3,3.784,2,4,3.848,2
4,3.991,2,6,6.899,2,5,5.622,2,3,17.752,2,4,3.997,2
5,5.659,2,8,5.783,2,4,4.807,2,4,3.841,2,5,4.755,2
4,5.330,2,8,4.763,2,4,3.891,2,4,3.999,2,4,3.712,2
4,3.721,2,8,5.509,2,4,5.273,2,3,3.922,2,4,6.332,2
5,4.508,2,8,4.290,2,4,4.697,2,1,4.401,2,5,4.054,2
5,3.963,2,14,4.254,2,18,3.739,2,1,3.790,2,2,8.492,2
4,3.947,2,8,6.563,2,4,4.257,2,3,5.051,2,3,5.829,2
4,3.850,2,8,4.567,2,4,4.237,2,3,4.411,2,4,3.734,2
2,4.139,2,8,4.513,2,4,4.714,2,3,13.349,2,5,4.788,2
5,5.189,2,14,5.443,2,17,5.378,2,4,6.098,2,4,5.102,2
4,4.117,2,8,8.369,2,4,6.341,2,3,3.968,2,5,4.535,2
5,4.579,2,4,4.448,2,8,3.969,2,4,3.941,2,5,4.752,2
2,4.400,2,8,4.560,2,4,7.428,2,3,5.083,2,4,3.938,2
5,4.115,2,14,4.072,2,17,5.033,2,3,3.763,2,5,3.762,2
5,3.552,2,14,4.789,2,18,3.782,2,4,3.670,2,3,4.403,2
4,5.451,2,8,3.642,2,4,4.226,2,3,4.919,2,4,3.738,2
4,4.219,2,8,4.346,2,4,3.816,2,1,3.719,2,5,6.304,2
2,5.168,2,15,4.388,2,11,6.521,2,3,4.575,2,4,6.863,2
5,5.407,2,14,5.422,2,18,3.589,2,1,6.192,2,1,5.266,2
2,3.764,2,8,6.141,2,4,4.826,2,3,5.473,2,4,4.581,2
5,3.775,2,14,4.411,2,17,3.867,2,1,6.966,2,4,11.212,2
4,4.746,2,8,4.007,2,4,3.815,2,3,4.645,2,5,6.120,2
2,3.807,2,8,4.244,2,4,3.905,2,3,4.450,2,4,4.957,2
4,4.248,2,8,4.053,2,4,4.452,2,3,4.005,2,4,5.848,2
4,3.858,2,8,5.230,2,4,4.012,2,3,3.604,2,5,3.641,2
2,4.674,2,8,4.232,2,4,3.792,2,3,4.995,2,4,10.621,2
4,3.819,2,8,6.788,2,4,3.678,2,3,5.772,2,5,6.009,2
2,6.650,2,8,5.457,2,4,4.408,2,3,6.625,2,5,4.439,2
4,3.754,2,8,4.833,2,4,4.189,2,3,4.849,2,4,4.140,2
5,3.847,2,14,3.883,2,18,4.449,2,4,4.732,2,3,4.103,2
2,6.807,2,8,6.371,2,4,5.251,2,3,6.055,2,4,4.554,2
2,6.751,2,8,4.874,2,4,4.318,2,3,4.428,2,5,3.955,2
5,5.188,2,4,5.850,2,8,3.770,2,4,3.786,2,3,4.219,2
2,4.081,2,8,4.122,2,4,4.979,2,3,3.946,2,4,3.897,2
2,4.554,2,8,3.687,2,4,4.538,2,3,6.636,2,4,4.740,2
4,4.265,2,8,4.919,2,4,6.460,2,3,3.975,2,5,5.019,2
2,4.101,2,14,4.550,2,17,4.663,2,3,4.391,2,5,4.059,2
4,4.916,2,8,3.754,2,4,6.415,2,3,4.527,2,5,6.567,2
2,7.371,2,3,4.899,2,2,4.964,2,1,6.755,2,3,4.747,2
5,4.667,2,14,4.748,2,18,3.792,2,4,4.617,2,1,3.901,2
2,6.731,2,8,6.322,2,4,6.590,2,3,4.270,2,4,3.869,2
2,3.650,2,8,6.437,2,4,4.426,2,3,4.497,2,4,4.128,2
5,5.074,2,8,4.217,2,4,4.542,2,1,3.646,2,4,3.871,2
4,5.431,2,8,5.920,2,4,9.345,2,3,3.611,2,4,3.468,2
5,4.675,2,1,7.985,2,1,6.534,2,4,5.023,2,4,4.456,2
5,6.427,2,15,4.502,2,12,3.260,2,4,3.276,2,3,3.459,2
4,4.694,2,8,4.301,2,4,4.832,2,3,4.309,2,5,4.940,2
4,4.247,2,14,4.430,2,18,5.009,2,3,4.568,2,4,7.178,2
4,3.857,2,8,4.074,2,4,5.432,2,3,3.758,2,5,3.822,2
2,3.517,2,14,3.869,2,18,4.170,2,3,4.916,2,4,6.924,2
2,7.344,2,8,4.025,2,4,4.422,2,3,4.317,2,4,4.459,2
5,6.540,2,15,3.611,2,9,3.603,2,4,4.269,2,5,3.637,2
5,3.750,2,15,6.256,2,11,5.298,2,1,4.146,2,4,4.250,2
4,3.847,2,8,8.018,2,4,4.045,2,2,4.222,2,5,3.796,2
2,6.086,2,8,4.442,2,4,6.543,2,3,4.201,2,4,6.540,2
2,6.605,2,8,6.513,2,4,6.521,2,3,3.655,2,4,4.129,2
5,3.754,2,15,3.793,2,12,3.935,2,4,7.493,2,3,7.946,2
2,4.082,2,8,3.894,2,4,4.165,2,3,9.738,2,4,5.024,2
2,3.683,2,8,4.480,2,4,6.400,2,3,6.967,2,4,6.297,2
4,4.524,2,8,6.928,2,4,5.286,2,3,5.267,2,4,4.210,2
5,3.914,2,3,4.598,2,2,5.318,2,1,4.262,2,5,3.903,2
2,3.948,2,8,3.643,2,4,4.706,2,3,3.813,2,4,3.941,2
4,4.784,2,15,4.327,2,11,10.149,2,2,4.664,2,5,3.803,2
5,4.701,2,8,7.260,2,4,6.341,2,4,3.755,2,5,3.690,2
2,4.647,2,14,4.240,2,18,5.179,2,3,4.606,2,4,4.567,2
2,4.091,2,8,5.826,2,4,4.015,2,3,4.555,2,4,4.116,2
4,4.144,2,8,4.906,2,4,3.811,2,3,3.535,2,4,3.800,2
4,3.700,2,8,3.713,2,4,3.775,2,3,4.182,2,4,9.164,2
4,4.261,2,15,4.645,2,11,3.951,2,4,4.918,2,5,3.949,2
3,3.726,2,3,3.815,2,2,8.968,2,4,4.649,2,4,4.416,2
4,3.843,2,8,4.081,2,4,4.777,2,3,4.828,2,4,5.012,2
4,4.901,2,14,5.050,2,17,5.044,2,3,4.326,2,2,4.743,2
5,4.892,2,8,3.773,2,4,3.776,2,3,3.585,2,5,3.825,2
4,3.650,2,8,4.215,2,4,3.650,2,3,5.997,2,5,3.586,2
5,4.448,2,8,4.057,2,4,4.183,2,4,4.097,2,1,4.395,2
5,10.848,2,7,7.856,2,3,9.028,2,4,7.138,2,5,4.063,2
4,4.667,2,8,4.120,2,4,3.932,2,3,4.703,2,4,4.742,2
5,6.560,2,8,4.238,2,4,4.521,2,4,3.844,2,4,4.869,2
4,6.274,2,8,5.868,2,4,6.082,2,3,4.133,2,4,3.901,2
3,3.785,2,3,3.604,2,2,3.928,2,4,4.325,2,5,4.074,2
4,4.292,2,14,4.181,2,17,4.933,2,3,3.944,2,4,3.971,2
5,4.870,2,4,4.211,2,8,3.799,2,4,4.628,2,4,4.482,2
4,3.898,2,8,4.010,2,4,4.650,2,3,4.836,2,4,4.214,2
5,4.110,2,4,3.795,2,8,6.992,2,4,9.231,2,3,6.416,2
5,3.765,2,8,4.501,2,4,4.178,2,4,4.650,2,3,3.924,2
4,4.014,2,8,4.172,2,4,4.867,2,3,4.276,2,4,4.592,2
5,3.990,2,15,6.730,2,11,3.838,2,1,5.904,2,4,4.327,2
2,6.456,2,8,4.336,2,4,4.543,2,3,4.114,2,5,6.026,2
2,6.037,2,8,3.975,2,4,6.531,2,3,3.899,2,4,3.860,2
4,3.788,2,8,3.774,2,4,3.549,2,3,3.663,2,4,4.161,2
5,4.230,2,8,4.569,2,4,3.808,2,4,4.320,2,5,3.817,2
5,4.230,2,14,4.496,2,17,5.745,2,1,6.284,2,5,5.175,2
4,6.233,2,8,5.200,2,4,9.846,2,3,3.799,2,4,4.248,2
5,3.774,2,14,4.441,2,17,4.559,2,4,4.153,2,4,3.934,2
4,3.653,2,8,3.819,2,4,3.835,2,3,4.309,2,4,3.826,2
4,3.615,2,8,4.510,2,4,7.301,2,3,3.971,2,4,4.323,2
4,4.415,2,5,3.597,2,7,4.106,2,3,6.234,2,4,6.634,2
4,4.359,2,8,4.881,2,4,3.638,2,3,6.431,2,4,4.909,2
5,4.552,2,8,6.328,2,4,3.581,2,4,6.318,2,5,4.501,2
2,4.590,2,8,4.233,2,4,3.710,2,3,3.648,2,4,4.103,2
2,3.622,2,14,3.517,2,17,3.963,2,2,4.800,2,4,5.863,2
4,12.392,2,8,4.705,2,4,4.939,2,3,3.941,2,3,4.465,2
4,4.206,2,8,3.772,2,4,3.884,2,3,3.875,2,4,3.760,2
4,3.736,2,8,3.774,2,4,6.009,2,3,4.506,2,5,4.281,2
5,5.405,2,15,4.027,2,11,4.526,2,4,3.698,2,5,4.187,2
4,4.231,2,7,3.630,2,3,3.717,2,3,6.079,2,4,4.270,2
5,5.245,2,8,3.784,2,4,3.597,2,4,4.219,2,4,3.709,2
4,4.307,2,8,4.969,2,4,3.806,2,3,4.568,2,4,3.976,2
4,3.613,2,8,3.648,2,4,4.405,2,3,3.873,2,5,3.878,2
5,4.949,2,14,9.756,2,17,5.404,2,1,6.072,2,4,7.055,2
4,4.702,2,14,4.562,2,18,3.975,2,3,6.972,2,4,5.666,2
2,4.651,2,8,3.766,2,4,3.969,2,3,4.074,2,4,4.104,2
4,4.490,2,7,4.694,2,3,4.291,2,3,4.045,2,4,4.413,2
5,4.254,2,14,3.978,2,17,4.356,2,4,3.861,2,2,4.060,2
4,3.833,2,8,3.667,2,4,3.554,2,3,3.602,2,4,7.402,2
4,4.804,2,8,4.332,2,4,4.037,2,3,5.079,2,4,4.107,2
2,3.742,2,3,5.408,2,2,4.016,2,1,3.844,2,4,3.635,2
5,3.731,2,5,4.514,2,7,3.859,2,4,4.406,2,3,4.848,2
2,4.158,2,8,5.017,2,4,8.780,2,3,11.402,2,4,11.843,2
4,8.781,2,8,5.185,2,4,4.172,2,3,4.800,2,4,4.026,2
4,5.995,2,8,5.044,2,4,5.010,2,3,6.905,2,5,6.633,2
5,5.059,2,14,7.471,2,17,6.821,2,4,6.122,2,5,6.404,2
5,5.399,2,15,4.934,2,11,6.616,2,4,5.051,2,4,3.944,2
4,3.855,2,8,3.832,2,4,5.913,2,3,5.478,2,4,5.658,2
4,7.218,2,8,7.025,2,4,6.460,2,3,7.004,2,5,4.245,2
2,5.427,2,8,5.558,2,4,5.205,2,3,8.049,2,4,7.210,2
2,4.166,2,8,3.970,2,4,7.366,2,3,6.830,2,4,6.264,2
4,4.330,2,7,6.373,2,3,4.034,2,3,4.010,2,4,4.014,2
2,4.464,2,8,7.506,2,4,4.528,2,3,4.999,2,4,5.213,2
5,4.666,2,8,4.104,2,4,4.151,2,4,4.377,2,4,3.875,2
2,5.024,2,3,4.035,2,2,5.789,2,3,5.632,2,3,5.545,2
5,3.902,2,14,4.707,2,17,4.518,2,4,3.791,2,4,4.973,2
2,3.799,2,8,3.733,2,4,3.881,2,3,3.602,2,5,4.435,2
5,3.828,2,15,3.915,2,11,4.613,2,1,4.816,2,3,9.320,2
5,4.723,2,14,5.227,2,17,6.151,2,4,6.962,2,4,4.101,2
4,5.661,2,14,4.653,2,18,3.850,2,3,4.667,2,5,6.281,2
5,3.854,2,15,3.844,2,11,4.213,2,4,4.067,2,3,6.811,2
2,9.455,2,8,4.925,2,4,3.929,2,3,4.137,2,4,3.914,2
4,4.666,2,6,4.233,2,14,4.844,2,4,3.631,2,4,3.812,2
2,4.404,2,8,4.809,2,4,3.871,2,3,4.254,2,4,3.838,2
2,3.771,2,15,5.165,2,11,3.672,2,2,6.200,2,3,6.251,2
4,5.644,2,8,3.642,2,4,3.696,2,1,5.117,2,3,5.394,2
4,4.482,2,1,6.336,2,1,3.542,2,4,4.582,2,3,6.331,2
4,4.771,2,8,4.440,2,4,6.671,2,3,3.672,2,5,5.551,2
4,3.810,2,8,5.986,2,4,3.721,2,3,4.515,2,4,4.190,2
4,5.039,2,8,4.780,2,4,4.059,2,3,4.611,2,5,3.942,2
3,3.837,2,3,3.639,2,2,6.510,2,1,6.539,2,3,4.625,2
2,5.435,2,8,6.349,2,4,4.482,2,3,4.615,2,4,4.282,2
4,6.504,2,8,4.463,2,4,4.069,2,3,4.381,2,4,3.692,2
2,3.737,2,8,3.818,2,4,3.664,2,3,4.149,2,4,4.473,2
4,6.457,2,8,5.439,2,4,4.292,2,3,3.932,2,5,4.922,2
4,6.278,2,6,3.899,2,14,3.818,2,3,4.289,2,4,6.737,2
4,4.415,2,8,4.545,2,4,6.261,2,3,5.742,2,4,4.303,2
2,5.710,2,8,11.213,2,4,4.536,2,3,3.872,2,4,5.432,2
2,3.835,2,4,3.725,2,8,4.331,2,3,3.543,2,4,5.461,2
4,4.802,2,8,4.377,2,4,4.731,2,3,3.827,2,4,4.697,2
5,4.223,2,8,4.640,2,4,3.703,2,1,4.326,2,4,6.792,2
4,6.406,2,8,3.917,2,4,3.888,2,3,3.755,2,4,3.740,2
4,4.259,2,6,4.007,2,14,4.024,2,4,5.097,2,4,4.432,2
4,4.124,2,8,4.653,2,4,3.840,2,3,4.664,2,5,3.834,2
4,4.840,2,8,6.084,2,4,4.866,2,3,6.470,2,4,6.092,2
2,3.991,2,14,5.329,2,17,5.483,2,3,4.139,2,4,6.862,2
4,6.774,2,14,3.748,2,18,7.480,2,3,10.166,2,4,4.221,2
4,4.240,2,8,3.897,2,4,6.354,2,3,3.998,2,4,4.082,2
5,3.741,2,14,3.837,2,17,4.417,2,4,4.026,2,4,3.717,2
2,3.559,2,5,4.217,2,7,3.750,2,3,7.400,2,4,10.055,2
4,5.572,2,8,4.333,2,4,3.949,2,3,8.569,2,4,4.503,2
4,6.454,2,8,6.527,2,4,4.300,2,3,5.882,2,4,3.811,2
4,4.570,2,3,4.327,2,2,4.875,2,2,3.696,2,3,5.250,2
2,7.872,2,8,8.001,2,4,4.221,2,3,4.694,2,4,3.821,2
4,4.060,2,7,4.328,2,3,5.454,2,3,7.016,2,4,4.814,2
4,4.558,2,15,3.635,2,9,5.068,2,4,11.100,2,5,9.247,2
5,6.835,2,14,6.477,2,17,4.195,2,4,6.138,2,4,3.906,2
4,4.220,2,1,4.807,2,1,8.501,2,2,5.346,2,4,6.331,2
2,5.878,2,8,4.581,2,4,3.982,2,3,3.741,2,4,9.337,2
5,5.487,2,1,3.716,2,1,3.726,2,4,4.901,2,2,4.360,2
4,3.850,2,8,10.124,2,4,8.248,2,3,4.656,2,5,3.698,2
2,4.523,2,8,3.826,2,4,3.727,2,3,3.862,2,5,7.037,2
4,7.084,2,5,6.864,2,7,5.327,2,4,4.407,2,3,4.131,2
5,5.573,2,15,8.557,2,9,6.751,2,4,4.652,2,5,3.922,2
2,3.867,2,8,6.987,2,4,3.774,2,3,7.510,2,3,9.444,2
4,3.761,2,8,4.007,2,4,4.217,2,3,3.978,2,5,6.366,2
2,5.006,2,8,9.648,2,4,8.477,2,3,4.061,2,4,3.974,2
4,4.032,2,8,4.036,2,4,4.363,2,3,6.676,2,3,9.235,2
4,4.127,2,6,4.095,2,5,4.150,2,3,3.721,2,4,4.800,2
2,8.970,2,8,4.422,2,4,6.016,2,3,3.902,2,4,3.683,2
4,6.754,2,14,6.854,2,17,4.988,2,3,6.707,2,5,7.069,2
5,4.640,2,4,5.333,2,8,4.139,2,4,3.779,2,5,5.876,2
4,7.823,2,14,4.378,2,18,4.251,2,3,3.937,2,4,3.563,2
2,4.165,2,8,4.247,2,4,8.482,2,3,8.850,2,4,3.781,2
2,4.150,2,14,5.298,2,17,4.600,2,3,4.049,2,4,4.809,2
4,9.460,2,8,4.226,2,4,3.692,2,3,4.314,2,4,3.902,2
4,3.660,2,8,3.921,2,4,7.906,2,3,5.198,2,4,4.235,2
5,4.163,2,14,4.161,2,17,3.755,2,4,3.809,2,4,7.189,2
4,5.763,2,5,3.525,2,7,6.455,2,3,3.700,2,4,3.561,2
4,4.188,2,8,6.439,2,4,8.771,2,3,24.605,2,4,5.199,2
2,4.033,2,8,4.043,2,4,3.730,2,3,4.228,2,4,8.211,2
5,8.474,2,5,4.902,2,10,4.025,2,4,4.375,2,3,3.869,2
2,3.779,2,8,7.841,2,4,9.210,2,3,3.817,2,4,3.754,2
4,3.733,2,6,3.929,2,5,4.732,2,3,4.716,2,4,10.767,2
4,10.714,2,7,4.830,2,3,3.897,2,3,4.426,2,4,4.201,2
4,3.954,2,8,6.876,2,4,4.717,2,3,6.003,2,3,4.218,2
4,4.226,2,15,5.018,2,11,4.077,2,4,9.649,2,2,5.530,2
4,4.646,2,8,4.978,2,4,7.815,2,3,4.867,2,5,5.676,2
4,6.191,2,8,6.424,2,4,8.805,2,3,4.017,2,4,4.045,2
5,3.680,2,3,4.055,2,2,5.158,2,1,7.554,2,5,4.584,2
2,3.884,2,5,4.623,2,7,4.601,2,3,3.812,2,4,3.753,2
4,7.853,2,8,9.933,2,4,3.750,2,3,6.417,2,4,4.907,2
4,3.842,2,8,4.469,2,4,7.846,2,3,4.525,2,4,4.285,2
5,6.696,2,14,3.879,2,17,5.150,2,4,3.864,2,4,3.582,2
5,8.358,2,15,6.044,2,9,3.835,2,4,4.275,2,3,4.039,2
2,3.898,2,14,3.905,2,17,10.005,2,3,9.162,2,3,5.018,2
4,4.464,2,8,4.801,2,4,5.380,2,3,4.153,2,4,14.972,2
2,5.888,2,8,3.816,2,4,4.408,2,3,6.469,2,5,4.837,2
2,4.506,2,8,4.586,2,4,8.040,2,3,4.580,2,4,4.834,2
2,4.894,2,8,4.467,2,4,4.363,2,3,4.514,2,4,7.810,2
5,7.177,2,14,4.474,2,17,4.541,2,4,4.120,2,2,4.598,2
4,4.949,2,8,7.977,2,4,8.323,2,3,3.986,2,4,4.166,2
5,3.687,2,14,3.627,2,18,3.628,2,1,4.331,2,5,8.567,2
4,6.084,2,8,4.141,2,4,4.387,2,3,3.915,2,5,4.222,2
4,3.913,2,5,7.212,2,10,6.620,2,4,5.708,2,2,3.532,2
4,6.634,2,8,5.309,2,4,3.718,2,3,8.931,2,4,8.753,2
4,4.052,2,8,3.811,2,4,5.400,2,3,3.817,2,4,5.085,2
4,4.285,2,15,7.748,2,9,5.776,2,4,3.799,2,4,3.751,2
5,4.201,2,14,4.658,2,17,4.127,2,4,9.272,2,3,7.974,2
2,4.570,2,3,3.788,2,2,4.822,2,3,3.685,2,3,3.749,2
2,8.514,2,8,4.832,2,4,4.207,2,3,3.664,2,4,3.807,2
5,5.214,2,14,4.252,2,18,3.923,2,4,7.716,2,2,9.753,2
5,4.649,2,14,3.908,2,17,3.718,2,4,4.257,2,3,4.272,2
4,6.070,2,8,15.092,2,4,6.138,2,3,4.435,2,5,4.111,2
4,6.133,2,3,5.676,2,2,10.433,2,2,9.679,2,4,4.448,2
4,3.967,2,8,6.428,2,4,4.381,2,3,3.791,2,4,3.729,2
4,7.528,2,8,7.083,2,4,4.124,2,3,4.233,2,5,4.577,2
4,4.298,2,8,4.483,2,4,7.658,2,3,6.220,2,5,4.492,2
4,4.183,2,8,3.775,2,4,3.706,2,3,3.752,2,4,7.564,2
5,5.925,2,14,3.686,2,18,4.269,2,4,4.003,2,4,4.089,2
4,4.217,2,5,3.798,2,7,8.891,2,4,4.380,2,3,4.217,2
2,4.389,2,8,3.710,2,4,3.667,2,3,3.605,2,3,8.246,2
4,8.529,2,8,4.682,2,4,6.821,2,3,4.713,2,4,5.099,2
4,5.727,2,8,7.567,2,4,5.320,2,3,5.773,2,5,4.215,2
4,6.381,2,8,6.357,2,4,5.099,2,3,3.815,2,5,12.631,2
5,4.008,2,15,4.067,2,9,3.787,2,4,3.682,2,5,5.033,2
4,4.430,2,8,7.490,2,4,4.432,2,3,6.453,2,5,6.258,2
4,6.305,2,5,3.932,2,7,6.289,2,3,7.960,2,4,10.371,2
2,4.643,2,8,3.896,2,4,5.120,2,3,3.875,2,4,4.532,2
5,3.897,2,5,7.550,2,7,4.087,2,4,4.610,2,3,3.786,2
2,3.574,2,8,8.342,2,4,4.211,2,3,7.275,2,4,6.318,2
4,3.680,2,8,4.040,2,4,3.702,2,3,6.912,2,5,7.525,2
4,10.675,2,8,5.512,2,4,3.989,2,3,4.426,2,5,4.035,2
5,4.500,2,14,4.886,2,17,3.853,2,4,7.843,2,4,8.536,2
4,4.933,2,8,4.211,2,4,4.733,2,3,4.083,2,5,4.608,2
4,8.679,2,14,4.852,2,17,3.973,2,3,3.891,2,4,4.979,2
5,6.569,2,5,3.656,2,7,8.917,2,4,6.728,2,3,4.154,2
3,5.363,2,3,6.402,2,2,5.388,2,1,3.863,2,5,3.550,2
5,5.763,2,14,4.351,2,17,4.917,2,4,4.156,2,3,5.210,2
2,4.622,2,8,4.753,2,4,9.417,2,3,8.533,2,4,4.088,2
4,4.152,2,8,3.736,2,4,3.842,2,3,3.686,2,4,9.723,2
2,5.671,2,8,4.174,2,4,6.662,2,3,5.513,2,3,5.607,2
4,6.020,2,6,6.176,2,14,8.193,2,4,6.613,2,4,6.480,2
5,6.073,2,14,6.349,2,17,5.322,2,4,4.765,2,5,8.285,2
4,6.272,2,8,4.049,2,4,3.902,2,3,4.313,2,5,4.457,2
5,5.276,2,15,8.401,2,9,5.141,2,4,3.714,2,3,5.137,2
4,4.906,2,8,3.666,2,4,4.622,2,3,19.304,2,4,14.203,2
5,3.873,2,14,4.853,2,17,3.949,2,1,4.758,2,5,4.068,2
2,3.799,2,8,6.187,2,4,6.500,2,3,3.635,2,5,4.255,2
4,3.785,2,15,4.318,2,11,4.252,2,3,11.902,2,3,5.383,2
4,6.424,2,8,6.182,2,4,4.029,2,3,4.277,2,5,4.293,2
4,5.777,2,8,9.642,2,4,3.644,2,3,3.693,2,4,4.829,2
2,5.180,2,8,4.782,2,4,4.515,2,3,8.045,2,4,5.329,2
4,6.370,2,15,5.906,2,9,4.358,2,4,3.795,2,5,3.725,2
5,7.600,2,15,5.785,2,12,5.618,2,4,4.405,2,3,4.002,2
4,5.947,2,8,4.660,2,4,9.201,2,3,7.372,2,4,6.492,2
4,5.802,2,8,4.666,2,4,7.448,2,3,7.048,2,4,10.873,2
4,11.151,2,14,5.057,2,18,4.828,2,3,4.808,2,4,4.038,2
5,4.321,2,3,4.936,2,2,10.604,2,1,9.332,2,4,5.223,2
4,3.986,2,8,3.888,2,4,3.962,2,3,3.726,2,5,7.625,2
4,6.079,2,15,3.881,2,9,3.871,2,4,3.772,2,4,3.676,2
4,4.492,2,14,4.217,2,18,8.507,2,3,11.858,2,4,6.245,2
4,3.777,2,6,6.560,2,5,6.757,2,3,6.155,2,4,10.606,2
4,10.639,2,8,4.408,2,4,5.809,2,3,6.235,2,4,6.671,2
2,4.646,2,8,9.843,2,4,9.515,2,3,4.041,2,4,4.062,2
5,5.178,2,14,5.621,2,17,3.942,2,4,6.771,2,4,7.395,2
5,8.372,2,8,4.585,2,4,4.298,2,4,4.958,2,4,3.946,2
4,3.864,2,6,8.917,2,14,5.939,2,1,3.712,2,4,3.588,2
4,7.032,2,1,4.724,2,1,5.016,2,4,8.134,2,4,10.667,2
2,4.492,2,8,4.850,2,4,4.765,2,3,3.717,2,4,4.086,2
4,6.031,2,8,12.078,2,4,8.716,2,3,4.272,2,4,3.794,2
4,3.827,2,8,4.595,2,4,4.578,2,3,7.953,2,4,9.531,2
4,4.422,2,15,4.923,2,11,4.544,2,4,3.793,2,4,4.718,2
5,7.732,2,14,6.298,2,17,3.743,2,4,3.876,2,4,3.871,2
2,4.562,2,15,4.203,2,11,5.377,2,2,10.512,2,4,4.899,2
4,4.379,2,15,4.752,2,11,3.645,2,2,3.923,2,4,3.960,2
2,7.761,2,3,3.692,2,2,3.597,2,1,3.684,2,4,3.432,2
4,3.611,2,8,3.934,2,4,41.557,2,3,3.847,2,4,7.796,2
4,3.770,2,14,7.160,2,18,4.748,2,3,4.003,2,4,4.424,2
4,7.310,2,8,4.689,2,4,4.445,2,3,6.190,2,4,4.949,2
5,4.055,2,15,3.805,2,9,9.062,2,4,5.151,2,3,4.182,2
3,4.981,2,8,3.779,2,4,5.002,2,3,4.222,2,4,7.648,2
4,5.129,2,8,4.284,2,4,3.804,2,3,3.665,2,4,4.465,2
4,4.057,2,8,4.016,2,4,7.602,2,3,5.138,2,4,3.970,2
2,4.415,2,8,4.109,2,4,4.192,2,3,3.898,2,5,9.152,2
5,6.108,2,9,4.661,2,9,4.693,2,4,4.261,2,4,3.805,2
5,4.051,2,8,8.118,2,4,5.395,2,4,3.907,2,3,4.718,2
5,3.766,2,14,4.685,2,17,7.949,2,4,7.275,2,5,27.894,2
5,3.915,2,5,4.261,2,7,6.981,2,4,5.965,2,5,4.242,2
2,4.023,2,8,8.220,2,4,8.090,2,3,6.665,2,4,6.413,2
4,6.149,2,7,3.917,2,3,3.812,2,3,7.412,2,4,8.423,2
4,3.699,2,8,3.887,2,4,4.120,2,4,5.401,2,4,4.145,2
2,7.885,2,8,5.210,2,4,3.923,2,3,4.193,2,5,6.663,2
4,4.678,2,8,3.798,2,4,3.716,2,3,6.847,2,4,6.886,2
4,4.115,2,5,5.557,2,7,4.192,2,3,4.931,2,4,6.307,2
4,9.476,2,8,9.010,2,4,4.070,2,3,4.014,2,4,4.670,2
5,5.838,2,14,5.657,2,17,4.420,2,4,8.197,2,5,7.935,2
5,4.338,2,3,4.511,2,2,4.136,2,4,4.529,2,4,4.505,2
2,9.064,2,8,11.243,2,4,6.537,2,3,4.365,2,5,4.574,2
4,4.245,2,8,4.295,2,4,9.081,2,3,8.684,2,4,3.817,2
4,5.501,2,8,5.624,2,4,4.256,2,3,4.702,2,4,9.893,2
4,5.746,2,14,3.739,2,17,5.463,2,1,3.708,2,4,3.644,2
4,3.688,2,6,4.321,2,14,6.722,2,4,9.174,2,4,3.686,2
2,4.816,2,8,3.779,2,4,4.761,2,3,3.914,2,4,7.787,2
5,5.576,2,14,6.179,2,18,4.331,2,1,8.861,2,4,4.286,2
4,4.048,2,15,9.489,2,11,7.540,2,4,3.902,2,4,4.445,2
5,4.213,2,14,3.813,2,17,3.863,2,4,3.648,2,5,8.053,2
4,3.856,2,8,3.811,2,4,4.842,2,3,5.236,2,4,4.909,2
2,4.641,2,8,9.532,2,4,8.133,2,3,4.838,2,5,4.614,2
4,3.730,2,8,4.424,2,4,3.700,2,3,7.439,2,4,6.060,2
4,3.750,2,15,3.774,2,11,4.083,2,4,5.394,2,5,4.783,2
4,4.035,2,6,8.119,2,14,8.710,2,4,4.553,2,3,3.828,2
5,5.732,2,8,5.506,2,4,3.625,2,4,8.402,2,4,10.468,2
4,4.961,2,8,5.281,2,4,4.908,2,3,4.323,2,5,4.303,2
4,7.846,2,15,4.864,2,11,3.936,2,2,5.526,2,5,4.071,2
4,3.972,2,8,3.688,2,4,3.738,2,3,7.712,2,5,9.732,2
4,3.915,2,7,3.705,2,3,5.541,2,3,4.795,2,4,3.720,2
4,8.366,2,8,6.876,2,4,3.572,2,4,4.323,2,3,4.369,2
4,4.281,2,5,4.534,2,7,6.761,2,3,10.373,2,4,4.420,2
4,4.601,2,8,3.852,2,4,4.001,2,3,4.252,2,4,3.733,2
4,7.262,2,8,9.318,2,4,3.719,2,3,3.741,2,5,3.690,2
2,3.500,2,15,5.831,2,11,8.888,2,2,7.694,2,4,5.560,2
4,3.836,2,14,4.758,2,17,4.354,2,1,4.038,2,4,11.475,2
5,6.787,2,14,3.881,2,18,3.834,2,1,3.561,2,4,4.368,2
4,5.261,2,8,5.810,2,4,8.396,2,3,9.967,2,5,5.283,2
4,5.518,2,8,6.308,2,4,5.839,2,3,4.909,2,5,10.623,2
2,10.331,2,3,3.784,2,2,3.726,2,1,4.306,2,3,4.408,2
2,4.202,2,14,8.078,2,17,7.893,2,3,4.502,2,5,4.263,2
5,3.760,2,15,4.345,2,13,3.734,2,4,3.680,2,3,7.697,2
5,6.300,2,7,4.181,2,3,16.095,2,4,7.081,2,4,4.826,2
5,4.228,2,14,9.591,2,17,9.527,2,4,4.009,2,2,4.714,2
4,4.324,2,8,3.783,2,4,3.959,2,3,7.915,2,4,9.478,2
2,3.966,2,8,4.197,2,4,3.967,2,3,4.606,2,5,4.087,2
2,4.320,2,8,10.549,2,4,8.878,2,3,5.291,2,4,4.581,2
4,3.901,2,8,3.706,2,4,4.467,2,3,7.742,2,4,5.624,2
5,4.678,2,6,3.801,2,6,3.601,2,4,3.715,2,5,4.243,2
4,7.831,2,8,10.325,2,4,5.192,2,3,3.775,2,4,3.703,2
5,3.846,2,14,4.150,2,17,4.804,2,4,7.297,2,3,13.242,2
5,4.435,2,15,4.572,2,11,4.442,2,4,4.399,2,3,3.782,2
4,8.218,2,8,6.271,2,4,6.941,2,3,6.535,2,4,4.177,2
5,4.196,2,14,4.278,2,17,7.723,2,4,8.995,2,4,4.760,2
4,4.357,2,8,4.151,2,4,4.489,2,3,3.972,2,5,4.996,2
5,7.611,2,8,6.452,2,4,3.669,2,4,3.702,2,3,4.861,2
5,4.034,2,8,4.511,2,4,8.436,2,1,8.064,2,4,4.356,2
5,6.028,2,5,4.614,2,7,3.755,2,4,3.488,2,4,8.457,2
4,8.107,2,8,4.704,2,4,6.269,2,3,6.413,2,4,3.856,2
2,4.669,2,8,7.864,2,4,8.523,2,3,4.267,2,4,5.895,2
4,2.917,2,8,2.839,2,4,4.093,2,3,8.530,2,4,7.810,2
2,13.735,2,8,5.372,2,4,6.394,2,3,6.239,2,5,3.693,2
2,4.504,2,8,7.492,2,4,7.917,2,3,5.322,2,5,6.600,2
4,7.122,2,15,5.819,2,12,4.062,2,4,3.926,2,3,10.639,2
4,11.454,2,8,5.501,2,4,4.686,2,3,4.019,2,4,5.396,2
4,5.998,2,6,12.434,2,14,10.149,2,1,6.825,2,4,6.279,2
2,4.096,2,8,7.808,2,4,7.950,2,3,10.765,2,4,9.552,2
4,6.437,2,6,6.101,2,5,6.156,2,3,5.530,2,4,4.435,2
4,8.354,2,8,9.383,2,4,5.093,2,3,5.346,2,5,4.028,2
2,5.058,2,15,3.909,2,11,3.843,2,2,6.393,2,3,17.057,2
5,19.082,2,14,5.696,2,18,4.484,2,4,4.490,2,3,4.296,2
4,9.024,2,8,9.872,2,4,4.585,2,4,4.081,2,4,4.879,2
4,3.959,2,8,3.863,2,4,7.106,2,3,8.757,2,4,3.845,2
2,3.853,2,8,3.794,2,4,5.640,2,3,3.810,2,4,4.641,2
4,7.860,2,3,4.997,2,2,4.884,2,3,6.271,2,4,6.402,2
4,5.530,2,8,6.356,2,4,7.306,2,3,8.193,2,4,4.775,2
4,6.364,2,14,4.026,2,18,4.838,2,3,5.141,2,4,8.292,2
5,5.293,2,14,3.913,2,17,4.536,2,1,5.120,2,4,4.361,2
4,4.201,2,8,4.086,2,4,6.954,2,3,6.052,2,5,4.216,2
4,3.538,2,8,4.262,2,4,4.214,2,3,4.703,2,4,6.836,2
5,7.475,2,13,3.673,2,18,5.757,2,4,6.005,2,4,4.458,2
2,6.582,2,14,23.170,2,17,9.687,2,3,3.925,2,4,4.556,2
4,3.876,2,7,4.483,2,3,5.343,2,3,4.337,2,4,9.633,2
4,8.428,2,8,4.408,2,4,4.446,2,3,4.312,2,4,4.548,2
5,3.761,2,1,7.449,2,1,7.105,2,4,3.721,2,3,4.124,2
5,5.054,2,14,3.799,2,17,6.062,2,4,11.690,2,4,8.588,2
4,6.626,2,3,3.792,2,2,4.099,2,3,4.028,2,3,3.764,2
5,4.373,2,14,7.676,2,17,5.465,2,4,4.660,2,4,4.895,2
4,4.673,2,8,4.978,2,4,3.901,2,3,8.442,2,4,5.493,2
5,4.469,2,14,3.733,2,18,3.700,2,4,3.661,2,4,3.963,2
2,8.766,2,8,7.970,2,4,4.569,2,3,3.748,2,4,5.185,2
4,6.119,2,7,10.993,2,3,6.241,2,3,7.818,2,4,8.388,2
4,3.891,2,8,4.567,2,4,4.518,2,3,5.010,2,5,3.950,2
2,6.072,2,8,9.055,2,4,3.898,2,3,4.717,2,4,5.012,2
5,4.885,2,8,3.691,2,4,10.076,2,4,5.209,2,2,4.561,2
4,3.859,2,5,4.911,2,10,3.755,2,3,6.579,2,4,4.562,2
5,7.850,2,15,4.677,2,11,4.931,2,4,4.016,2,4,4.071,2
5,4.919,2,8,3.732,2,4,9.134,2,4,8.214,2,3,3.745,2
4,3.815,2,8,4.452,2,4,3.802,2,3,3.971,2,4,9.190,2
4,5.805,2,14,5.110,2,18,4.434,2,3,3.824,2,4,4.505,2
5,3.795,2,14,4.388,2,18,14.889,2,1,4.151,2,4,4.740,2
2,5.592,2,8,3.883,2,4,7.204,2,3,3.836,2,4,10.072,2
4,4.202,2,8,4.342,2,4,3.958,2,3,3.665,2,4,4.033,2
5,4.837,2,14,7.602,2,17,9.314,2,4,4.682,2,4,5.580,2
2,4.700,2,14,5.026,2,17,3.897,2,2,4.401,2,4,12.696,2
2,6.322,2,15,5.964,2,11,5.158,2,2,4.302,2,3,4.045,2
2,4.867,2,8,9.226,2,4,4.513,2,3,5.270,2,4,4.466,2
5,3.757,2,8,4.206,2,4,5.040,2,4,9.723,2,2,8.920,2
2,4.619,2,5,5.512,2,7,4.572,2,3,4.433,2,4,7.418,2
5,3.663,2,8,9.072,2,4,12.240,2,4,5.739,2,3,4.827,2
5,4.588,2,15,4.865,2,11,5.040,2,4,8.265,2,4,6.147,2
5,4.014,2,4,5.593,2,8,4.011,2,4,5.303,2,3,4.408,2
5,8.871,2,14,11.091,2,17,6.182,2,4,4.860,2,3,4.199,2
2,4.759,2,8,5.165,2,4,8.566,2,3,16.443,2,4,7.919,2
2,4.421,2,8,4.972,2,4,5.863,2,3,5.659,2,3,5.992,2
4,11.720,2,4,7.177,2,8,4.162,2,3,4.645,2,4,6.194,2
4,4.572,2,15,4.318,2,11,6.240,2,4,9.372,2,3,4.691,2
4,3.887,2,8,7.233,2,4,4.022,2,3,4.106,2,5,8.534,2
2,5.976,2,8,5.981,2,4,6.279,2,3,6.084,2,4,4.737,2
4,3.907,2,6,3.939,2,5,7.992,2,3,6.555,2,4,3.751,2
2,5.319,2,8,4.468,2,4,4.674,2,3,4.576,2,4,10.591,2
4,6.098,2,8,4.684,2,4,3.839,2,3,4.629,2,5,3.850,2
5,4.602,2,3,6.880,2,2,4.972,2,1,6.150,2,4,4.342,2
5,4.622,2,8,4.613,2,4,3.898,2,4,5.220,2,2,8.635,2
5,5.869,2,14,4.461,2,17,3.864,2,4,3.897,2,4,3.771,2
2,5.419,2,14,12.032,2,17,4.501,2,2,8.219,2,5,6.564,2
5,5.069,2,15,3.743,2,13,3.798,2,4,7.660,2,4,10.884,2
4,5.124,2,6,5.969,2,14,5.454,2,3,6.408,2,5,4.472,2
5,3.981,2,6,6.419,2,14,5.546,2,4,6.551,2,4,4.564,2
4,4.084,2,7,4.332,2,3,4.070,2,3,8.388,2,4,5.340,2
4,3.700,2,8,4.152,2,4,4.327,2,3,4.553,2,4,4.108,2
5,9.519,2,14,8.531,2,17,6.341,2,4,4.585,2,3,4.409,2
2,3.937,2,15,4.540,2,11,3.640,2,2,7.681,2,4,5.635,2
5,4.437,2,14,4.805,2,17,4.489,2,4,5.967,2,3,5.579,2
2,10.133,2,4,5.798,2,8,3.847,2,3,6.464,2,4,3.782,2
4,3.788,2,1,3.823,2,1,6.854,2,1,10.176,2,4,4.273,2
2,4.248,2,15,4.339,2,11,5.603,2,3,3.900,2,4,3.482,2
5,13.821,2,8,8.426,2,4,3.430,2,4,3.771,2,3,3.974,2
2,3.454,2,8,4.225,2,4,7.279,2,3,7.222,2,5,5.937,2
4,5.283,2,15,3.716,2,9,4.689,2,4,4.603,2,2,7.848,2
2,8.461,2,8,5.288,2,4,4.323,2,3,3.749,2,5,4.539,2
4,4.494,2,8,3.631,2,4,5.867,2,3,8.417,2,4,4.088,2
5,4.357,2,3,3.804,2,2,4.520,2,1,3.702,2,4,8.769,2
4,7.204,2,8,4.305,2,4,3.648,2,3,3.723,2,5,3.709,2
5,4.851,2,14,8.725,2,17,7.642,2,4,5.642,2,4,4.451,2
4,4.075,2,14,4.554,2,17,3.960,2,3,5.646,2,4,6.458,2
2,6.303,2,8,3.496,2,4,3.852,2,3,3.849,2,4,4.408,2
4,3.890,2,8,17.240,2,4,5.981,2,3,4.189,2,5,4.558,2
5,6.759,2,14,4.740,2,17,3.779,2,4,7.973,2,4,11.805,2
2,5.483,2,8,3.919,2,4,4.149,2,3,4.533,2,5,5.357,2
2,4.689,2,8,8.335,2,4,10.785,2,3,4.735,2,4,4.290,2
4,5.038,2,8,3.872,2,4,3.946,2,3,10.309,2,4,7.425,2
5,4.164,2,8,4.561,2,4,6.064,2,4,4.754,2,4,5.912,2
5,7.318,2,14,6.473,2,17,6.405,2,4,4.479,2,4,4.027,2
5,4.471,2,14,4.009,2,17,4.501,2,4,10.201,2,4,6.520,2
2,4.613,2,14,6.403,2,17,4.438,2,3,5.448,2,2,4.077,2
2,8.933,2,8,9.260,2,4,6.795,2,3,5.648,2,4,6.311,2
5,4.710,2,5,6.104,2,7,6.521,2,4,8.883,2,3,4.150,2
5,4.004,2,15,4.323,2,12,3.812,2,4,4.979,2,5,4.341,2
5,7.204,2,5,8.682,2,7,4.112,2,4,3.747,2,5,3.856,2
4,3.924,2,8,3.799,2,4,8.371,2,3,8.493,2,4,4.365,2
5,4.698,2,14,4.065,2,17,4.516,2,4,4.228,2,3,7.766,2
5,9.565,2,3,3.620,2,2,3.718,2,4,6.242,2,3,4.053,2
4,4.552,2,8,4.022,2,4,7.959,2,1,9.170,2,2,4.347,2
5,7.476,2,3,4.281,2,2,7.352,2,4,7.429,2,5,9.983,2
2,8.805,2,15,3.928,2,11,3.903,2,3,5.088,2,1,4.782,2
4,5.136,2,15,6.672,2,11,6.864,2,4,4.214,2,5,3.884,2
5,4.672,2,14,3.588,2,17,4.192,2,4,4.369,2,3,6.811,2
4,5.529,2,8,3.737,2,4,6.305,2,1,3.936,2,4,3.878,2
5,5.453,2,14,8.722,2,17,6.049,2,4,4.533,2,3,4.014,2
2,3.837,2,5,3.571,2,10,4.563,2,3,9.824,2,4,6.464,2
4,4.559,2,8,3.783,2,4,4.204,2,4,5.251,2,5,5.610,2
5,20.167,2,14,10.852,2,17,3.827,2,4,4.214,2,4,4.266,2
4,3.972,2,6,3.846,2,5,4.855,2,3,8.449,2,4,7.970,2
5,3.985,2,1,5.398,2,1,3.946,2,4,3.782,2,3,3.777,2
5,7.782,2,8,5.148,2,4,4.548,2,4,3.931,2,4,4.835,2
2,4.180,2,14,4.375,2,17,8.663,2,3,8.563,2,4,6.752,2
4,6.052,2,15,3.567,2,9,4.070,2,4,3.697,2,4,6.071,2
2,9.259,2,14,5.478,2,17,5.284,2,3,3.953,2,5,4.759,2
2,4.036,2,5,4.350,2,7,10.394,2,3,11.610,2,4,6.688,2
5,4.198,2,15,3.814,2,9,5.207,2,4,5.503,2,5,7.730,2
2,7.388,2,8,4.579,2,4,4.104,2,3,5.256,2,4,3.724,2
4,4.711,2,1,4.060,2,1,9.915,2,3,6.225,2,4,3.725,2
4,3.809,2,14,3.601,2,17,4.713,2,4,3.954,2,2,7.637,2
5,5.857,2,14,4.776,2,17,3.907,2,4,5.906,2,4,6.585,2
5,5.887,2,14,9.440,2,17,9.341,2,4,3.721,2,5,3.880,2
2,4.937,2,8,4.478,2,4,3.523,2,3,4.038,2,3,9.591,2
4,7.987,2,8,5.537,2,4,6.763,2,4,6.214,2,3,10.490,2
4,6.255,2,8,7.471,2,4,9.136,2,3,5.598,2,5,4.538,2
5,4.248,2,14,6.011,2,17,6.633,2,4,12.848,2,4,6.256,2
4,3.946,2,8,3.799,2,4,4.439,2,3,3.862,2,4,4.571,2
2,4.306,2,15,8.213,2,11,6.274,2,3,6.238,2,2,4.565,2
4,6.174,2,5,4.662,2,7,3.694,2,3,7.736,2,4,6.506,2
5,3.761,2,14,4.577,2,17,4.229,2,4,3.915,2,4,4.304,2
2,6.610,2,8,7.255,2,4,3.948,2,3,3.616,2,4,4.233,2
5,3.586,2,5,3.856,2,7,3.736,2,4,8.399,2,4,6.430,2
2,6.114,2,8,4.014,2,4,4.980,2,3,4.177,2,5,3.970,2
2,11.786,2,1,8.069,2,1,4.691,2,3,5.459,2,4,5.478,2
4,4.534,2,6,4.648,2,14,7.132,2,4,6.252,2,4,3.714,2
5,3.827,2,14,3.768,2,17,3.627,2,4,6.661,2,3,3.814,2
2,7.211,2,3,6.174,2,2,3.658,2,3,4.541,2,3,4.667,2
4,3.953,2,15,6.694,2,12,8.619,2,4,9.488,2,4,6.177,2
5,4.092,2,8,6.003,2,4,6.089,2,4,6.585,2,5,19.925,2
4,3.864,2,6,5.417,2,5,4.140,2,3,4.834,2,3,17.921,2
3,16.360,2,15,4.299,2,11,8.252,2,4,8.496,2,4,4.686,2
4,5.793,2,7,4.066,2,3,4.453,2,3,4.487,2,4,8.933,2
5,7.180,2,6,4.141,2,6,4.348,2,4,3.992,2,5,3.823,2
4,3.959,2,8,12.503,2,4,9.264,2,4,5.172,2,4,5.045,2
4,4.799,2,1,6.982,2,1,6.164,2,2,5.168,2,4,11.193,2
2,9.952,2,8,3.805,2,4,4.130,2,3,5.174,2,3,7.019,2
4,6.641,2,8,7.779,2,4,10.491,2,3,7.870,2,5,5.210,2
2,4.099,2,8,5.643,2,4,4.004,2,3,9.813,2,4,10.424,2
4,4.281,2,7,5.236,2,3,6.083,2,3,4.306,2,4,5.010,2
5,4.998,2,4,9.145,2,8,7.047,2,4,4.666,2,4,4.867,2
4,4.124,2,8,4.403,2,4,3.974,2,3,8.907,2,5,4.094,2
4,4.099,2,15,5.192,2,11,4.458,2,4,4.346,2,3,4.386,2
4,9.706,2,15,7.775,2,11,3.870,2,3,4.441,2,3,3.996,2
5,4.045,2,3,4.517,2,2,7.995,2,4,7.474,2,5,3.763,2
4,3.686,2,8,4.661,2,4,4.677,2,3,3.799,2,3,3.809,2
4,8.048,2,8,12.079,2,4,5.499,2,3,5.557,2,4,3.815,2
4,4.393,2,8,3.751,2,4,32.345,2,3,5.348,2,3,3.802,2
2,4.605,2,8,4.848,2,4,7.253,2,3,6.713,2,4,5.878,2
4,9.573,2,14,9.418,2,17,4.633,2,3,4.808,2,3,4.090,2
4,5.333,2,5,4.478,2,7,9.129,2,3,8.964,2,4,4.114,2
4,4.529,2,6,3.603,2,5,7.072,2,3,4.280,2,4,6.754,2
2,6.758,2,3,4.474,2,2,6.132,2,1,4.739,2,4,3.992,2
4,4.241,2,7,9.627,2,3,8.356,2,3,5.406,2,4,5.908,2
5,4.033,2,15,4.129,2,9,3.910,2,4,4.201,2,5,6.402,2
4,6.330,2,1,5.439,2,1,4.138,2,4,4.609,2,2,3.828,2
5,4.049,2,15,9.436,2,9,11.323,2,4,3.805,2,4,4.014,2
5,5.275,2,15,4.703,2,9,4.538,2,4,9.166,2,4,8.896,2
2,4.661,2,8,5.029,2,4,4.034,2,3,4.564,2,4,4.721,2
2,3.920,2,14,7.328,2,17,8.788,2,3,3.761,2,3,4.102,2
4,3.840,2,7,7.038,2,3,4.054,2,3,8.998,2,4,8.692,2
4,5.010,2,8,3.937,2,4,4.719,2,3,4.429,2,5,4.384,2
5,7.074,2,14,7.565,2,17,4.254,2,4,4.361,2,4,4.391,2
4,3.691,2,8,3.870,2,4,3.986,2,3,7.777,2,3,8.417,2
2,4.672,2,8,3.868,2,4,15.848,2,2,3.949,2,4,6.678,2
4,6.479,2,15,6.912,2,9,3.900,2,4,3.900,2,4,3.621,2
5,3.645,2,14,3.754,2,17,9.246,2,4,10.030,2,3,5.606,2
5,3.830,2,14,5.178,2,17,4.787,2,1,3.880,2,4,4.608,2
2,9.626,2,8,10.654,2,4,7.294,2,3,4.701,2,4,4.499,2
4,4.202,2,8,3.972,2,4,8.471,2,3,8.078,2,4,5.582,2
2,4.584,2,8,3.794,2,4,4.826,2,3,3.776,2,4,7.907,2
4,6.486,2,14,3.664,2,18,3.778,2,3,5.206,2,4,3.946,2
5,6.889,2,1,4.485,2,1,11.646,2,1,7.847,2,4,5.525,2
4,3.733,2,8,4.469,2,4,4.784,2,3,4.015,2,4,10.197,2
5,7.805,2,12,4.141,2,9,4.170,2,4,5.068,2,3,4.881,2
4,6.260,2,8,8.632,2,4,10.935,2,4,4.684,2,4,3.982,2
4,5.499,2,8,4.027,2,4,6.993,2,3,4.364,2,4,8.792,2
4,7.625,2,8,3.872,2,4,4.497,2,3,4.207,2,4,4.115,2
5,4.137,2,14,9.929,2,17,8.702,2,4,4.889,2,4,5.595,2
4,3.747,2,6,3.783,2,5,4.466,2,3,8.806,2,4,5.613,2
5,4.355,2,14,3.796,2,17,3.767,2,1,4.459,2,3,4.951,2
2,4.402,2,8,13.419,2,4,10.858,2,3,5.371,2,3,7.336,2
4,4.155,2,8,7.559,2,4,7.417,2,3,10.738,2,4,7.441,2
2,5.160,2,8,7.073,2,4,6.581,2,3,4.806,2,5,7.186,2
2,15.431,2,3,4.975,2,2,4.352,2,2,4.472,2,4,4.055,2
5,4.063,2,3,3.993,2,2,4.258,2,4,8.977,2,2,6.324,2
4,4.538,2,8,5.300,2,4,3.897,2,2,3.937,2,5,4.290,2
5,8.746,2,14,10.001,2,17,3.994,2,4,5.392,2,4,3.746,2
5,3.753,2,1,3.839,2,1,8.165,2,4,8.740,2,2,5.360,2
4,5.340,2,4,6.602,2,8,3.832,2,4,4.678,2,3,4.124,2
2,10.731,2,14,5.246,2,17,5.905,2,2,5.363,2,5,3.827,2
1,4.411,2,8,4.064,2,4,7.957,2,3,6.315,2,4,4.413,2
2,7.102,2,8,5.167,2,4,5.195,2,3,3.910,2,4,6.456,2
4,7.296,2,1,3.876,2,1,6.784,2,4,5.329,2,2,4.427,2
4,4.006,2,7,4.516,2,3,10.213,2,3,8.299,2,4,4.745,2
5,3.915,2,6,4.782,2,14,3.924,2,4,4.407,2,4,7.326,2
4,7.670,2,8,3.771,2,4,3.735,2,3,4.423,2,4,4.360,2
2,3.818,2,8,9.219,2,4,8.716,2,3,4.417,2,4,4.344,2
4,4.060,2,8,5.052,2,4,3.801,2,3,10.178,2,4,4.336,2
4,3.754,2,8,5.881,2,4,3.754,2,3,3.862,2,4,4.072,2
5,5.393,2,6,7.619,2,6,11.157,2,4,5.516,2,4,4.361,2
2,4.551,2,8,4.250,2,4,4.866,2,3,8.452,2,5,9.142,2
4,4.046,2,8,6.305,2,4,3.690,2,3,4.321,2,4,5.983,2
2,4.922,2,14,10.947,2,17,5.239,2,3,5.610,2,4,3.814,2
4,3.705,2,15,4.171,2,9,3.688,2,4,7.544,2,4,9.249,2
5,3.675,2,8,6.393,2,4,4.769,2,4,4.583,2,4,4.072,2
5,8.774,2,3,5.006,2,2,4.110,2,4,4.983,2,5,5.907,2
4,5.377,2,14,4.034,2,18,6.801,2,3,10.284,2,4,4.182,2
4,4.436,2,8,4.487,2,4,5.052,2,4,4.717,2,4,3.797,2
5,9.575,2,14,10.145,2,17,3.739,2,4,6.885,2,4,4.450,2
4,4.048,2,8,6.104,2,4,7.055,2,4,4.845,2,5,4.364,2
4,3.979,2,7,5.742,2,3,4.968,2,3,3.764,2,4,9.405,2
4,7.718,2,8,6.215,2,4,5.684,2,3,5.904,2,5,5.785,2
2,4.728,2,8,6.381,2,4,7.306,2,3,5.440,2,4,4.788,2
2,3.621,2,8,5.991,2,4,4.319,2,3,4.421,2,4,7.888,2
4,10.311,2,15,3.767,2,11,3.682,2,2,4.697,2,4,3.840,2
4,3.819,2,14,23.726,2,17,13.113,2,3,4.757,2,4,4.317,2
4,5.200,2,14,5.014,2,18,4.181,2,4,3.988,2,4,7.621,2
2,8.796,2,8,3.956,2,4,4.012,2,3,4.250,2,3,4.284,2
2,4.025,2,15,7.255,2,11,9.600,2,2,4.185,2,3,4.537,2
2,5.743,2,8,6.184,2,4,5.724,2,3,9.256,2,4,9.546,2
4,6.538,2,8,4.540,2,4,4.747,2,3,4.414,2,5,4.724,2
4,4.188,2,14,8.328,2,18,9.316,2,3,3.657,2,4,4.751,2
4,4.858,2,8,3.854,2,4,6.680,2,1,12.337,2,5,6.871,2
4,6.953,2,8,9.321,2,4,6.267,2,3,4.821,2,2,4.092,2
4,7.774,2,5,9.516,2,7,4.115,2,3,6.133,2,4,3.927,2
5,5.618,2,4,5.166,2,8,4.592,2,4,10.095,2,4,8.014,2
4,3.892,2,14,4.647,2,18,3.814,2,3,3.699,2,4,3.904,2
4,7.772,2,8,7.007,2,4,3.700,2,3,4.030,2,4,4.073,2
4,4.255,2,15,4.465,2,11,6.569,2,2,6.173,2,3,6.338,2
4,4.804,2,8,3.804,2,4,3.866,2,3,3.908,2,4,4.086,2
4,10.087,2,14,8.613,2,17,5.725,2,3,4.739,2,4,3.886,2
2,3.881,2,8,4.306,2,4,8.378,2,3,6.738,2,4,3.814,2
2,4.355,2,8,3.726,2,4,5.518,2,3,14.845,2,3,10.674,2
5,10.947,2,15,4.241,2,9,4.211,2,4,3.877,2,4,4.435,2
4,3.720,2,8,3.636,2,4,7.458,2,3,11.034,2,5,3.897,2
4,5.070,2,7,4.992,2,3,4.772,2,3,3.738,2,4,9.373,2
5,5.989,2,14,6.164,2,17,3.750,2,4,4.024,2,4,5.142,2
4,3.729,2,14,7.915,2,17,9.457,2,3,4.060,2,4,3.972,2
2,3.841,2,15,3.809,2,11,4.389,2,2,3.937,2,5,8.076,2
2,5.503,2,8,3.692,2,4,4.546,2,1,5.288,2,4,6.638,2
2,8.002,2,8,10.069,2,4,7.070,2,3,4.437,2,4,4.209,2
4,4.308,2,8,5.510,2,4,6.366,2,3,6.311,2,4,4.128,2
2,3.899,2,14,4.698,2,17,3.872,2,2,3.889,2,5,3.599,2
4,3.890,2,8,9.421,2,4,7.444,2,3,4.383,2,5,4.529,2
4,4.250,2,8,5.256,2,4,5.382,2,3,9.756,2,4,9.106,2
4,3.759,2,5,3.837,2,7,4.510,2,4,4.265,2,5,4.719,2
4,7.623,2,14,4.764,2,18,3.957,2,4,4.308,2,5,4.808,2
2,3.892,2,8,4.487,2,4,5.140,2,3,8.492,2,4,9.736,2
2,3.769,2,15,3.956,2,11,3.843,2,2,6.514,2,2,3.938,2
4,9.231,2,15,8.501,2,11,3.996,2,2,3.837,2,3,7.588,2
4,4.791,2,8,4.349,2,4,5.327,2,4,10.957,2,5,4.246,2
5,5.231,2,15,4.606,2,9,4.243,2,4,4.547,2,3,8.594,2
4,6.168,2,14,4.322,2,18,4.186,2,3,4.850,2,4,4.435,2
2,4.117,2,8,3.721,2,4,6.931,2,3,6.213,2,3,4.430,2
2,4.055,2,8,3.875,2,4,4.279,2,3,4.311,2,5,9.302,2
4,8.744,2,14,4.507,2,17,3.763,2,1,5.714,2,4,4.789,2
2,6.148,2,8,11.265,2,4,9.780,2,3,5.958,2,4,4.019,2
2,3.783,2,5,4.353,2,10,3.910,2,3,3.857,2,4,8.209,2
4,4.394,2,8,4.578,2,4,4.624,2,3,5.503,2,5,4.851,2
4,4.931,2,15,9.424,2,11,6.262,2,4,4.548,2,5,4.734,2
4,4.902,2,8,3.900,2,4,4.557,2,3,7.502,2,3,6.591,2
4,6.922,2,3,7.885,2,2,7.286,2,3,4.864,2,3,3.935,2
5,3.827,2,14,7.812,2,18,7.599,2,4,4.091,2,2,3.971,2
2,4.355,2,6,3.685,2,5,3.984,2,3,8.778,2,4,9.845,2
5,3.910,2,14,4.182,2,17,4.356,2,4,4.866,2,3,6.076,2
4,11.570,2,8,6.716,2,4,4.000,2,3,3.728,2,4,3.822,2
4,4.540,2,1,4.085,2,1,6.229,2,4,8.000,2,2,9.481,2
2,9.304,2,8,3.943,2,4,3.803,2,3,4.570,2,4,5.246,2
5,8.046,2,14,9.352,2,17,4.155,2,4,6.370,2,4,5.908,2
2,6.493,2,8,5.851,2,4,5.663,2,3,6.247,2,4,3.608,2
4,6.089,2,15,4.031,2,12,4.449,2,3,4.827,2,4,6.052,2
5,5.857,2,14,8.170,2,17,4.999,2,1,3.646,2,3,3.839,2
4,3.977,2,8,5.589,2,4,8.275,2,3,4.449,2,4,6.806,2
2,3.878,2,8,4.051,2,4,6.354,2,3,5.566,2,3,10.423,2
4,5.619,2,14,6.094,2,18,6.769,2,4,5.730,2,4,4.515,2
4,7.500,2,8,4.957,2,4,11.911,2,4,13.163,2,4,4.347,2
4,5.227,2,14,5.135,2,17,4.925,2,3,4.067,2,4,10.655,2
5,5.177,2,15,5.698,2,11,3.971,2,4,3.870,2,4,4.376,2
4,6.168,2,3,7.166,2,2,5.316,2,3,4.117,2,4,4.762,2
2,4.241,2,8,4.306,2,4,4.716,2,3,3.839,2,5,7.683,2
2,6.663,2,8,4.183,2,4,5.315,2,3,4.094,2,4,7.312,2
4,4.523,2,8,8.861,2,4,9.253,2,3,6.367,2,4,5.873,2
2,14.344,2,8,4.908,2,4,4.214,2,3,11.395,2,5,11.484,2
4,6.769,2,7,4.247,2,3,4.862,2,3,4.099,2,4,5.481,2
2,4.263,2,8,10.723,2,4,6.021,2,3,4.583,2,4,4.144,2
4,5.025,2,7,4.800,2,3,4.400,2,3,7.955,2,4,5.938,2
4,4.329,2,8,3.869,2,4,4.418,2,3,3.659,2,4,4.025,2
4,8.683,2,5,9.043,2,7,4.643,2,4,4.933,2,3,3.816,2
5,4.693,2,8,4.037,2,4,6.731,2,4,6.506,2,3,7.860,2
4,3.840,2,8,4.590,2,4,4.883,2,3,3.655,2,4,4.190,2
4,9.948,2,8,7.690,2,4,5.105,2,3,4.812,2,5,5.660,2
2,6.823,2,8,6.965,2,4,10.497,2,3,6.084,2,4,3.833,2
4,4.913,2,8,4.328,2,4,4.300,2,4,4.657,2,4,3.677,2
2,8.747,2,8,9.592,2,4,4.761,2,3,6.258,2,4,5.769,2
4,4.380,2,8,3.937,2,4,7.102,2,3,8.168,2,4,3.860,2
4,4.464,2,7,4.357,2,3,4.743,2,3,3.797,2,4,9.031,2
5,6.537,2,14,4.227,2,17,4.628,2,4,3.993,2,4,3.785,2
5,3.911,2,14,5.559,2,17,9.087,2,4,7.726,2,4,4.320,2
2,4.531,2,5,3.731,2,7,5.033,2,3,4.320,2,3,8.679,2
2,24.344,2,14,6.283,2,17,3.032,2,3,3.752,2,4,5.832,2
4,5.795,2,8,15.240,2,4,9.585,2,3,9.736,2,4,7.087,2
2,5.230,2,8,4.820,2,4,7.544,2,3,7.277,2,4,11.316,2
4,5.158,2,7,5.696,2,3,6.180,2,3,4.274,2,4,4.931,2
4,5.110,2,14,8.823,2,17,6.893,2,2,4.204,2,3,7.096,2
5,5.327,2,14,4.068,2,17,4.910,2,4,12.400,2,5,9.835,2
4,4.829,2,8,5.204,2,4,4.015,2,3,4.266,2,5,4.173,2
4,7.730,2,8,9.983,2,4,4.985,2,3,4.516,2,4,4.205,2
5,3.917,2,8,3.804,2,4,3.865,2,1,5.873,2,4,5.369,2
2,3.820,2,14,4.128,2,18,6.221,2,3,3.852,2,4,5.157,2
2,10.321,2,8,6.375,2,4,4.654,2,3,3.952,2,4,4.835,2
2,4.877,2,8,3.938,2,4,8.012,2,3,10.819,2,5,6.177,2
4,4.014,2,8,3.921,2,4,3.912,2,1,4.650,2,2,5.039,2
5,7.611,2,6,9.197,2,14,4.345,2,1,4.134,2,4,4.060,2
2,5.860,2,8,4.446,2,4,9.994,2,3,10.579,2,4,4.653,2
4,3.674,2,8,6.425,2,4,3.702,2,3,6.744,2,4,14.768,2
5,8.197,2,15,5.304,2,11,6.494,2,1,4.399,2,4,4.325,2
4,5.762,2,14,4.555,2,18,12.779,2,3,6.165,2,4,4.923,2
2,4.010,2,8,4.256,2,4,3.997,2,3,4.221,2,3,7.432,2
4,8.158,2,5,4.331,2,7,5.970,2,3,4.280,2,3,6.282,2
2,5.482,2,1,9.496,2,1,8.542,2,3,4.726,2,4,4.435,2
4,5.850,2,8,4.127,2,4,4.305,2,3,4.094,2,4,8.557,2
4,10.844,2,8,7.028,2,4,5.026,2,3,11.059,2,5,3.829,2
4,5.126,2,8,13.617,2,4,6.046,2,3,8.823,2,4,5.575,2
4,4.358,2,14,6.913,2,17,4.890,2,3,7.849,2,3,8.693,2
2,4.650,2,1,4.510,2,1,4.756,2,3,4.760,2,4,4.165,2
5,5.914,2,15,10.301,2,9,8.437,2,4,5.245,2,4,4.901,2
2,3.885,2,8,6.729,2,4,4.513,2,3,7.367,2,5,6.329,2
4,9.868,2,8,4.800,2,4,4.118,2,3,4.046,2,5,3.991,2
2,7.507,2,4,6.922,2,8,4.120,2,3,3.909,2,4,3.810,2
2,4.531,2,14,5.089,2,17,4.483,2,2,7.527,2,4,8.696,2
4,4.959,2,8,4.201,2,4,4.411,2,3,4.285,2,4,4.720,2
2,9.488,2,6,7.928,2,14,4.622,2,3,4.184,2,4,6.518,2
4,7.414,2,14,4.766,2,17,9.227,2,4,8.246,2,2,4.272,2
5,3.678,2,8,4.484,2,4,4.011,2,4,3.753,2,4,3.741,2
4,9.542,2,8,5.052,2,4,4.297,2,3,4.488,2,4,3.764,2
2,4.849,2,8,4.452,2,4,8.149,2,3,7.218,2,5,6.770,2
5,4.241,2,6,4.165,2,14,5.817,2,4,4.852,2,4,8.207,2
4,9.689,2,8,5.150,2,4,4.946,2,3,3.894,2,4,4.595,2
4,6.258,2,14,5.842,2,17,9.481,2,3,4.146,2,3,3.696,2
4,4.405,2,8,7.046,2,4,6.395,2,4,5.286,2,4,10.989,2
4,8.515,2,6,4.136,2,5,6.362,2,3,4.587,2,4,3.978,2
2,6.683,2,15,10.616,2,12,6.668,2,3,4.554,2,4,3.751,2
2,4.825,2,3,4.366,2,2,6.487,2,3,6.290,2,5,8.364,2
4,3.913,2,8,5.110,2,4,4.894,2,3,4.013,2,3,3.981,2
4,3.872,2,1,9.057,2,1,4.514,2,4,3.816,2,2,5.571,2
5,4.906,2,14,4.987,2,17,4.858,2,4,7.037,2,4,5.974,2
4,4.224,2,8,4.075,2,4,5.118,2,2,6.274,2,4,3.971,2
4,3.824,2,1,8.498,2,1,11.832,2,4,7.548,2,4,6.798,2
2,4.893,2,7,4.485,2,3,4.619,2,3,8.097,2,3,8.035,2
4,5.119,2,8,3.845,2,4,3.694,2,3,3.735,2,4,3.651,2
4,8.502,2,7,6.135,2,3,4.336,2,3,4.825,2,4,3.883,2
4,4.849,2,1,4.096,2,1,4.397,2,4,8.553,2,2,9.864,2
4,3.737,2,8,4.614,2,4,3.848,2,3,6.279,2,4,6.882,2
4,7.698,2,6,4.782,2,5,4.117,2,3,4.369,2,3,4.562,2
4,4.106,2,15,5.799,2,11,9.005,2,2,4.145,2,3,6.486,2
4,6.544,2,6,3.661,2,5,4.721,2,3,4.371,2,4,8.290,2
2,6.246,2,15,3.657,2,11,4.239,2,2,4.421,2,4,6.567,2
4,5.861,2,6,4.640,2,5,7.972,2,3,5.382,2,4,4.720,2
2,4.168,2,1,5.283,2,1,4.674,2,3,3.965,2,3,7.678,2
2,8.941,2,8,4.859,2,4,4.214,2,3,6.230,2,4,3.937,2
4,4.784,2,8,6.925,2,4,7.398,2,3,7.242,2,4,4.932,2
2,4.613,2,6,3.719,2,5,4.304,2,3,4.768,2,4,7.720,2
2,9.073,2,15,3.994,2,11,3.807,2,3,4.317,2,4,4.483,2
4,6.254,2,14,7.061,2,17,6.649,2,4,4.071,2,3,5.369,2
2,6.069,2,3,4.543,2,2,6.084,2,3,8.835,2,4,11.318,2
4,6.082,2,6,5.771,2,5,4.128,2,3,4.172,2,4,4.081,2
4,6.609,2,8,16.583,2,4,4.588,2,3,4.829,2,5,3.990,2
4,4.585,2,14,6.938,2,17,4.647,2,3,9.389,2,4,9.107,2
4,4.479,2,8,5.038,2,4,7.634,2,3,6.860,2,3,3.907,2
4,8.407,2,7,9.359,2,3,3.961,2,3,4.590,2,4,6.399,2
5,3.891,2,6,4.809,2,14,4.405,2,1,9.033,2,4,8.890,2
4,6.274,2,8,6.521,2,4,5.804,2,3,4.713,2,4,4.525,2
5,7.649,2,14,6.826,2,17,4.389,2,4,4.512,2,4,6.906,2
4,4.581,2,15,4.161,2,12,8.523,2,4,4.658,2,5,4.082,2
4,4.918,2,1,6.655,2,1,4.465,2,4,6.581,2,2,4.343,2
4,8.201,2,8,4.562,2,4,3.885,2,3,4.604,2,4,4.880,2
4,6.369,2,7,6.607,2,3,8.902,2,3,6.127,2,4,4.609,2
5,3.802,2,5,6.482,2,7,4.413,2,4,6.498,2,5,8.308,2
4,4.868,2,8,4.160,2,4,4.270,2,1,5.146,2,4,4.219,2
2,5.287,2,6,3.814,2,14,10.722,2,3,3.955,2,4,4.081,2
4,3.861,2,14,3.786,2,17,5.178,2,3,4.091,2,3,8.669,2
4,23.198,2,14,4.545,2,17,4.456,2,3,6.098,2,4,4.681,2
2,3.960,2,8,6.249,2,4,8.429,2,3,4.065,2,4,3.912,2
4,3.657,2,8,3.796,2,4,4.344,2,3,3.660,2,4,7.589,2
4,9.708,2,8,5.283,2,4,3.686,2,3,3.835,2,4,4.005,2
4,4.476,2,6,12.078,2,5,10.122,2,3,3.774,2,5,4.163,2
2,3.744,2,3,5.481,2,2,4.286,2,2,8.540,2,3,24.440,2
2,4.854,2,15,3.961,2,11,4.207,2,2,4.247,2,4,4.161,2
2,3.838,2,6,7.290,2,14,8.596,2,3,6.445,2,4,4.152,2
5,3.934,2,14,4.476,2,17,3.972,2,1,9.437,2,3,7.565,2
4,4.816,2,8,3.830,2,4,3.688,2,3,4.430,2,3,4.343,2
2,7.654,2,1,7.160,2,1,3.805,2,3,4.292,2,3,4.932,2
5,4.289,2,1,4.602,2,1,3.942,2,1,8.338,2,5,4.631,2
5,5.445,2,15,3.757,2,11,3.958,2,4,4.322,2,4,6.674,2
4,7.549,2,5,8.135,2,7,4.628,2,3,4.534,2,4,3.855,2
4,3.775,2,7,4.236,2,3,7.974,2,3,9.361,2,4,4.714,2
2,4.364,2,8,4.840,2,4,6.401,2,3,5.709,2,5,4.319,2
4,7.997,2,15,6.088,2,11,4.440,2,4,3.879,2,4,3.805,2
4,6.546,2,7,6.257,2,3,9.186,2,3,9.594,2,4,5.206,2
2,4.212,2,8,4.160,2,4,4.968,2,3,4.075,2,4,7.811,2
4,8.097,2,8,4.611,2,4,3.819,2,3,3.658,2,4,3.803,2
2,3.915,2,8,4.482,2,4,9.651,2,3,6.661,2,3,5.334,2
4,5.219,2,6,4.273,2,14,3.774,2,3,4.360,2,5,8.286,2
4,4.352,2,5,3.953,2,7,3.763,2,3,4.396,2,3,6.394,2
2,4.485,2,8,23.158,2,4,6.501,2,3,3.851,2,4,4.550,2
5,4.177,2,14,3.749,2,17,4.162,2,4,4.921,2,3,7.502,2
4,9.195,2,8,8.072,2,4,5.026,2,3,5.240,2,4,4.400,2
5,3.961,2,14,7.904,2,17,6.938,2,4,4.825,2,3,5.354,2
2,4.076,2,8,3.915,2,4,3.832,2,3,8.890,2,4,4.661,2
4,5.962,2,14,5.437,2,17,5.040,2,3,6.139,2,4,6.208,2
5,12.457,2,14,10.048,2,17,4.763,2,4,4.371,2,4,6.780,2
5,4.550,2,14,4.068,2,17,3.651,2,4,7.831,2,3,7.392,2
4,4.206,2,6,4.074,2,5,5.476,2,3,4.657,2,4,4.064,2
2,7.753,2,14,7.520,2,17,3.656,2,2,4.127,2,3,3.760,2
5,4.747,2,1,4.771,2,1,4.202,2,4,10.295,2,3,9.387,2
2,4.820,2,8,4.666,2,4,6.628,2,3,5.079,2,4,3.880,2
2,8.263,2,8,5.947,2,4,3.984,2,3,6.067,2,5,5.106,2
4,4.150,2,14,4.708,2,18,7.885,2,3,4.366,2,3,4.195,2
5,4.480,2,5,6.633,2,7,6.623,2,4,5.052,2,3,6.642,2
5,8.314,2,14,4.502,2,18,4.323,2,4,3.889,2,4,3.674,2
5,3.619,2,4,4.241,2,8,7.132,2,4,6.447,2,2,4.738,2
4,4.331,2,1,4.765,2,1,15.584,2,4,4.119,2,2,6.922,2
2,8.339,2,6,4.428,2,5,6.256,2,3,6.091,2,4,4.872,2
4,5.922,2,7,9.406,2,3,9.034,2,3,4.460,2,4,4.804,2
5,4.211,2,5,4.960,2,10,3.890,2,4,5.753,2,4,7.635,2
5,7.835,2,14,4.543,2,17,6.582,2,4,6.210,2,3,3.971,2
4,4.301,2,8,7.968,2,4,9.061,2,4,3.824,2,1,3.828,2
4,3.683,2,8,4.754,2,4,4.009,2,3,10.060,2,3,9.132,2
2,4.610,2,15,3.883,2,11,5.876,2,2,4.039,2,3,4.507,2
5,3.776,2,14,5.891,2,17,7.184,2,4,4.500,2,3,3.557,2
3,4.398,2,6,4.642,2,14,4.477,2,4,9.207,2,4,7.272,2
4,5.755,2,7,4.067,2,3,4.303,2,3,5.732,2,4,3.980,2
2,8.710,2,5,4.513,2,7,5.751,2,3,6.646,2,4,5.425,2
4,6.067,2,8,3.876,2,4,4.293,2,1,6.216,2,3,7.747,2
5,5.058,2,6,4.302,2,5,4.872,2,4,5.909,2,1,4.375,2
5,9.372,2,8,10.016,2,4,6.035,2,4,4.570,2,5,4.210,2
3,4.565,2,14,4.313,2,17,7.031,2,4,8.261,2,4,3.734,2
2,3.710,2,8,3.585,2,4,4.427,2,3,4.369,2,3,3.859,2
4,9.280,2,8,7.049,2,4,6.014,2,3,4.509,2,4,3.799,2
4,5.131,2,7,7.103,2,3,9.853,2,3,10.497,2,4,6.167,2
4,4.560,2,6,5.166,2,14,4.933,2,4,4.078,2,2,8.893,2
2,9.237,2,15,5.087,2,11,3.752,2,2,4.969,2,2,3.830,2
4,6.012,2,6,4.799,2,5,8.043,2,3,8.598,2,3,4.992,2
4,4.908,2,8,5.379,2,4,4.240,2,3,4.995,2,4,8.000,2
5,8.092,2,5,4.631,2,7,4.596,2,4,4.948,2,4,4.151,2
2,3.939,2,8,8.582,2,4,6.199,2,3,4.555,2,4,6.455,2
2,4.263,2,6,6.297,2,14,4.546,2,3,5.663,2,2,7.796,2
5,7.368,2,8,3.904,2,4,3.926,2,4,6.819,2,4,7.731,2
4,6.354,2,3,12.377,2,2,9.710,2,3,5.322,2,3,3.931,2
4,4.616,2,14,4.655,2,18,3.786,2,4,9.121,2,5,8.143,2
2,4.766,2,3,3.834,2,2,3.898,2,1,7.221,2,3,5.179,2
4,4.421,2,15,9.388,2,11,8.376,2,4,4.154,2,4,4.203,2
4,4.658,2,8,4.673,2,4,4.167,2,3,10.232,2,4,6.386,2
4,4.418,2,15,4.442,2,11,3.781,2,2,5.017,2,4,5.627,2
4,7.444,2,6,8.665,2,14,3.857,2,4,3.793,2,5,4.759,2
4,4.415,2,5,4.732,2,7,4.629,2,3,6.893,2,4,6.198,2
4,4.405,2,14,5.340,2,17,3.803,2,3,4.723,2,2,4.098,2
5,7.831,2,1,6.643,2,1,4.149,2,4,4.146,2,3,4.263,2
4,3.957,2,14,4.245,2,18,8.086,2,3,9.293,2,2,4.368,2
2,4.129,2,8,6.500,2,4,3.898,2,3,4.904,2,3,3.640,2
2,7.998,2,14,3.685,2,18,4.242,2,3,3.870,2,4,4.266,2
2,4.227,2,8,4.060,2,4,10.078,2,3,8.261,2,4,3.888,2
4,5.603,2,15,4.759,2,11,4.411,2,3,3.831,2,3,9.887,2
4,8.103,2,14,4.348,2,18,4.481,2,3,4.490,2,3,4.052,2
5,4.183,2,8,8.814,2,4,8.985,2,3,6.061,2,5,4.614,2
4,7.131,2,8,6.873,2,4,4.919,2,3,4.681,2,3,9.329,2
4,5.549,2,8,4.249,2,4,3.891,2,3,4.610,2,3,3.942,2
4,4.727,2,8,9.159,2,4,3.866,2,1,5.335,2,2,4.346,2
5,4.524,2,15,6.612,2,13,6.324,2,4,9.633,2,2,7.468,2
3,4.414,2,15,4.804,2,13,3.791,2,1,6.837,2,2,5.814,2
1,4.287,2,3,6.709,2,2,7.696,2,1,4.132,2,2,4.633,2
4,6.855,2,8,6.046,2,4,6.147,2,3,9.376,2,2,10.607,2
4,5.068,2,8,6.771,2,4,7.161,2,3,7.261,2,4,6.940,2
5,82.506,2,14,5.070,2,17,5.779,2,4,9.642,2,4,6.652,2
2,10.435,2,3,7.749,2,2,6.483,2,2,7.157,2,3,22.855,2
4,7.244,2,14,7.487,2,17,4.883,2,1,5.108,2,2,4.596,2
4,9.574,2,15,12.474,2,11,4.107,2,4,4.740,2,2,5.092,2
3,4.247,2,6,4.628,2,5,8.423,2,3,5.346,2,2,4.052,2
2,4.053,2,15,4.479,2,11,5.045,2,2,4.103,2,2,4.225,2
2,9.194,2,8,10.388,2,4,3.913,2,3,6.483,2,3,4.479,2
4,3.912,2,6,3.745,2,5,7.622,2,3,8.197,2,2,5.147,2
5,7.013,2,14,3.952,2,17,4.387,2,4,4.019,2,4,7.765,2
2,9.920,2,15,3.860,2,11,3.882,2,2,4.162,2,4,3.773,2
4,4.368,2,14,6.762,2,18,25.119,2,3,3.875,2,4,4.030,2
2,4.001,2,6,4.673,2,5,3.829,2,3,4.183,2,2,10.591,2
4,8.052,2,6,4.688,2,5,3.925,2,3,5.992,2,4,3.964,2
4,3.921,2,14,7.756,2,17,9.475,2,1,3.800,2,1,3.961,2
3,3.894,2,3,5.198,2,2,4.568,2,4,5.586,2,2,7.785,2
2,4.916,2,14,3.842,2,17,4.235,2,3,3.875,2,2,3.853,2
4,4.695,2,8,8.408,2,4,9.754,2,3,5.349,2,2,6.826,2
4,7.420,2,8,4.968,2,4,4.412,2,3,7.608,2,3,8.271,2
5,9.376,2,14,5.322,2,18,4.814,2,4,5.496,2,2,4.304,2
2,4.357,2,14,9.356,2,17,5.273,2,2,4.790,2,2,4.806,2
2,6.795,2,8,4.776,2,4,4.554,2,3,6.618,2,2,9.626,2
4,3.929,2,14,3.783,2,17,5.658,2,2,5.104,2,2,6.144,2
2,8.086,2,8,9.267,2,4,4.458,2,3,3.743,2,2,4.920,2
1,3.873,2,8,4.729,2,4,3.743,2,3,7.882,2,3,8.551,2
5,3.713,2,8,3.559,2,4,4.001,2,4,4.655,2,2,4.410,2
2,9.170,2,8,9.550,2,4,6.798,2,3,7.265,2,2,6.334,2
2,3.765,2,1,4.451,2,1,8.514,2,3,7.260,2,2,5.032,2
2,5.353,2,15,3.792,2,11,3.972,2,2,4.379,2,2,3.902,2
4,9.725,2,8,10.527,2,4,3.795,2,4,3.898,2,1,3.630,2
4,6.080,2,14,4.595,2,18,8.631,2,3,4.951,2,2,4.037,2
1,5.372,2,3,11.908,2,2,4.691,2,1,3.943,2,2,10.633,2
1,6.523,2,6,6.086,2,14,4.866,2,2,3.818,2,2,3.793,2
2,3.668,2,3,3.660,2,2,8.557,2,2,5.281,2,2,4.464,2
2,7.070,2,3,6.335,2,2,4.921,2,1,5.534,2,1,7.430,2
2,5.364,2,3,5.600,2,2,6.747,2,4,6.819,2,2,4.974,2
2,4.735,2,14,8.692,2,18,8.814,2,3,4.752,2,3,6.213,2
2,4.180,2,3,4.306,2,2,4.805,2,1,3.780,2,1,7.938,2
2,8.666,2,14,3.757,2,17,4.368,2,2,3.944,2,5,4.476,2
2,4.312,2,1,7.639,2,1,11.880,2,3,4.023,2,1,5.318,2
2,5.046,2,3,3.794,2,2,4.071,2,1,7.859,2,1,10.501,2
2,3.722,2,8,3.911,2,4,4.327,2,3,4.479,2,1,4.448,2
4,6.001,2,14,11.607,2,17,7.678,2,1,4.638,2,1,3.767,2
2,4.455,2,3,3.857,2,2,3.682,2,1,9.500,2,2,8.065,2
2,6.935,2,3,3.944,2,2,3.764,2,1,5.978,2,2,5.828,2
4,10.035,2,15,8.996,2,12,4.133,2,4,3.680,2,1,4.876,2
4,3.888,2,8,3.834,2,4,7.818,2,3,6.014,2,1,4.294,2
2,3.566,2,3,4.992,2,2,3.862,2,2,4.397,2,2,4.518,2
2,9.360,2,3,8.782,2,2,4.720,2,1,4.013,2,1,5.814,2
4,3.249,2,8,5.331,2,4,24.640,2,3,3.915,2,3,3.707,2
4,4.886,2,15,3.769,2,11,5.453,2,2,3.737,2,3,7.852,2
4,6.639,2,8,3.715,2,4,4.145,2,3,5.001,2,2,5.970,2
4,4.912,2,6,4.293,2,5,7.658,2,3,6.552,2,3,3.625,2
2,4.067,2,15,5.085,2,11,3.586,2,2,4.898,2,1,5.958,2
2,9.858,2,1,4.007,2,1,4.062,2,3,3.736,2,3,3.883,2
4,3.653,2,8,7.802,2,4,8.526,2,4,4.609,2,2,6.411,2
1,5.496,2,8,5.604,2,4,4.749,2,3,4.649,2,3,7.472,2
2,7.326,2,8,3.775,2,4,4.184,2,3,6.977,2,1,7.177,2
2,5.211,2,3,8.244,2,2,8.202,2,1,4.840,2,1,3.838,2
2,4.571,2,1,3.840,2,1,3.814,2,4,7.172,2,1,7.344,2
3,5.017,2,14,4.069,2,17,6.511,2,1,4.876,2,1,4.242,2
3,4.580,2,3,9.543,2,2,8.774,2,4,6.543,2,2,5.521,2
2,3.718,2,3,4.007,2,2,6.396,2,1,12.944,2,1,6.709,2
2,6.743,2,3,4.652,2,2,6.153,2,1,4.618,2,1,4.172,2
2,7.325,2,3,5.466,2,2,4.751,2,1,5.476,2,1,4.084,2
1,3.753,2,8,4.006,2,4,5.772,2,3,21.246,2,2,5.247,2
4,4.301,2,15,4.249,2,11,4.931,2,2,5.167,2,1,4.385,2
2,7.971,2,1,4.438,2,1,4.962,2,4,4.187,2,1,4.493,2
2,4.508,2,8,3.807,2,4,7.542,2,3,7.292,2,1,3.669,2
2,5.390,2,3,5.377,2,2,4.160,2,1,4.624,2,1,3.842,2
5,9.030,2,1,7.610,2,1,4.095,2,1,4.389,2,2,4.445,2
4,3.828,2,8,3.604,2,4,7.825,2,3,7.390,2,2,4.454,2
3,4.192,2,1,6.953,2,1,4.026,2,4,4.362,2,1,11.033,2
1,10.978,2,8,3.769,2,4,3.807,2,2,3.977,2,2,3.852,2
2,4.908,2,6,5.536,2,14,7.468,2,4,9.253,2,1,4.333,2
1,4.052,2,4,4.137,2,8,3.891,2,3,3.744,2,2,8.582,2
2,5.631,2,8,4.645,2,4,3.901,2,4,4.103,2,1,3.949,2
3,3.818,2,1,12.025,2,1,5.381,2,4,4.260,2,1,5.016,2
4,4.787,2,8,4.351,2,4,4.922,2,4,4.705,2,1,16.237,2
2,4.814,2,14,3.906,2,18,3.794,2,3,4.108,2,1,6.278,2
2,3.539,2,14,10.964,2,17,4.901,2,4,5.575,2,1,5.035,2
4,5.616,2,7,9.395,2,3,5.323,2,3,10.742,2,3,7.836,2
4,5.192,2,6,4.566,2,14,3.867,2,4,4.261,2,1,5.161,2
2,4.111,2,8,13.735,2,4,3.801,2,2,3.596,2,2,4.013,2
2,3.910,2,14,4.081,2,17,3.736,2,1,16.359,2,1,4.979,2
4,3.772,2,3,3.801,2,2,4.328,2,3,3.700,2,2,4.217,2
1,10.417,2,8,6.729,2,4,4.610,2,3,4.171,2,1,5.406,2
1,3.815,2,8,4.493,2,4,4.288,2,3,8.942,2,1,4.043,2
3,6.228,2,3,3.495,2,2,4.625,2,1,4.894,2,1,4.331,2
2,11.221,2,6,4.680,2,14,3.865,2,4,7.257,2,1,6.616,2
3,6.565,2,3,6.906,2,2,11.806,2,1,7.963,2,1,3.887,2
3,4.380,2,3,4.673,2,2,6.423,2,1,4.197,2,1,4.143,2
4,10.466,2,14,3.923,2,17,4.219,2,2,3.844,2,2,3.732,2
3,4.305,2,3,3.840,2,2,12.788,2,4,3.701,2,1,3.736,2
3,3.704,2,14,5.851,2,17,4.126,2,4,3.781,2,1,9.291,2
1,4.736,2,14,4.047,2,17,6.313,2,3,6.271,2,1,3.852,2
2,6.759,2,3,11.037,2,2,5.252,2,1,3.679,2,1,5.516,2
2,4.140,2,3,5.011,2,2,4.231,2,4,4.269,2,1,17.282,2
1,4.703,2,8,7.470,2,4,4.132,2,3,3.918,2,1,6.002,2
1,6.044,2,8,13.808,2,4,5.362,2,1,3.932,2,1,3.753,2
3,3.806,2,3,5.213,2,2,3.731,2,4,9.240,2,1,4.834,2
2,3.698,2,8,3.900,2,4,4.753,2,3,4.190,2,1,4.421,2
3,3.921,2,15,11.137,2,11,3.949,2,4,5.291,2,1,3.813,2
3,4.209,2,6,4.617,2,14,3.774,2,4,10.272,2,1,3.837,2
2,4.466,2,6,5.060,2,14,4.447,2,4,3.673,2,1,4.784,2
4,23.359,2,14,3.964,2,17,4.324,2,1,3.959,2,1,4.305,2
4,4.390,2,14,4.205,2,17,7.116,2,2,14.030,2,1,4.529,2
4,4.493,2,8,6.813,2,4,4.222,2,3,4.430,2,1,3.863,2
1,9.985,2,8,3.829,2,4,4.613,2,3,4.330,2,1,4.679,2
4,5.746,2,8,3.948,2,4,13.323,2,3,4.811,2,2,6.157,2
3,4.927,2,14,3.822,2,17,3.853,2,4,3.532,2,1,4.234,2
4,11.950,2,8,6.702,2,4,4.933,2,3,4.384,2,2,4.840,2
4,4.005,2,8,4.310,2,4,7.343,2,3,6.928,2,1,3.581,2
3,13.647,2,3,3.306,2,2,3.251,2,4,3.246,2,1,17.954,2
2,4.057,2,1,3.920,2,1,6.681,2,3,3.660,2,2,4.714,2
2,4.552,2,15,3.703,2,11,11.106,2,2,5.919,2,2,3.606,2
4,4.505,2,15,3.964,2,11,5.991,2,2,5.157,2,1,9.848,2
5,6.000,2,5,3.859,2,7,5.293,2,4,3.975,2,1,5.437,2
4,6.158,2,5,19.727,2,10,3.637,2,4,4.266,2,1,3.816,2
1,4.278,2,8,3.985,2,4,4.466,2,3,3.932,2,1,9.928,2
4,4.017,2,8,3.750,2,4,4.127,2,3,4.632,2,1,3.836,2
2,4.844,2,3,8.436,2,2,4.318,2,1,4.649,2,2,4.191,2
4,4.679,2,15,3.707,2,11,3.697,2,2,8.702,2,2,5.159,2
4,4.049,2,15,4.609,2,12,4.449,2,4,3.942,2,2,4.011,2
2,3.936,2,15,10.365,2,11,3.955,2,1,4.130,2,2,4.302,2
1,3.621,2,8,5.808,2,4,5.288,2,3,12.082,2,1,3.945,2
5,7.887,2,8,4.037,2,4,7.078,2,4,6.120,2,1,6.468,2
3,17.824,2,14,6.238,2,17,4.139,2,1,4.353,2,2,4.017,2
1,6.675,2,8,4.301,2,4,5.295,2,3,13.795,2,1,4.098,2
1,3.806,2,15,4.622,2,12,4.094,2,3,4.324,2,2,5.322,2
2,26.467,2,3,6.565,2,2,6.212,2,1,5.774,2,1,5.019,2
4,5.893,2,8,4.942,2,4,14.504,2,3,4.581,2,2,5.686,2
1,4.995,2,8,6.144,2,4,7.171,2,3,4.477,2,1,4.370,2
1,14.154,2,3,5.512,2,2,8.323,2,1,4.285,2,1,7.476,2
4,4.680,2,15,4.105,2,11,15.118,2,1,5.420,2,1,5.399,2
1,5.359,2,3,4.376,2,2,4.378,2,1,4.694,2,1,16.953,2
2,4.789,2,8,4.697,2,4,4.072,2,3,4.535,2,1,3.817,2
3,4.349,2,3,4.630,2,2,10.338,2,1,6.821,2,1,3.852,2
3,3.807,2,3,3.876,2,2,4.484,2,1,3.958,2,1,11.011,2
3,5.942,2,3,3.902,2,2,4.283,2,1,4.270,2,1,3.692,2
1,3.704,2,8,12.590,2,4,3.704,2,3,6.926,2,2,4.083,2
4,4.725,2,14,4.717,2,17,4.184,2,1,6.007,2,2,11.773,2
4,4.288,2,14,5.041,2,17,4.219,2,1,5.461,2,1,4.182,2
1,4.710,2,8,17.385,2,4,4.114,2,3,3.680,2,1,4.280,2
1,4.789,2,8,4.326,2,4,5.017,2,3,16.445,2,1,4.864,2
1,5.262,2,6,3.833,2,5,3.732,2,3,3.823,2,1,4.670,2
2,4.872,2,3,15.109,2,2,4.134,2,1,4.626,2,1,4.103,2
1,4.756,2,8,7.783,2,4,6.781,2,3,11.555,2,1,4.920,2
