provider,Row Number,Encryption Time (ms),Encrypted Data Size (KB),Transaction Size (KB),CPU Usage (ms),Memory Usage (MB),Transaction Confirmation Time (s),Transaction Hash,Estimated Gas,Actual Gas Used
http://localhost:8545,1,63,155.95,44.22,230.45,6.04,9.17,0x1c89a12dd6da743a1ad196f77c5e145aa5c6983c5f61ee4a553bfc8c2409809a,2740752,2740471
http://localhost:8545,2,24,156.12,44.22,41.24,0.87,8.18,0xaf73339bc672436669d7d0aa113f9b23fb6acb0b7c4c9ff90d4abb7c7f763613,2740728,2740447
http://localhost:8545,3,23,156.01,44.22,58.40,-0.07,9.23,0x2e7891aeec0f26d52a68e87675602df91c4fd43532c32926d0d83ada03d34a3a,2740734,2740453
http://localhost:8545,4,36,156.22,44.22,80.77,1.53,8.17,0x4d977781636129202b40b20758c8672ea55665a04cc4c97bedd6d33a2fde0654,2740734,2740453
http://localhost:8545,5,29,155.93,44.22,61.12,1.33,9.16,0x5e702b9e6d29bc01337608ee7642013b30d041d6f927796b9dc2a3ab1778161f,2740713,2740432
http://localhost:8545,6,22,156.12,44.22,56.90,1.33,8.21,0x7b0b7f14e7559650063b0e2a4c7f4d861e3f2968aa85fc6cc4d99693b1b36575,2740749,2740468
http://localhost:8545,7,21,156.25,44.22,20.89,0.87,8.16,0x4ffc47e6ef774dbbdcdcddfac4f12869b671aeda9c93574907e12b21ee9a3784,2740692,2740411
http://localhost:8545,8,19,156.28,44.22,18.48,0.87,8.15,0x5120d0f41bb6351633ad1b46fffc76f24e5500c9a9b0e4beb0258071e7c51a22,2740734,2740453
http://localhost:8545,9,17,156.18,44.22,16.63,0.87,9.14,0xc75fc890cab63d1ad69aa7f68a579f4076606723d5c1ef51f31867303bdb2a41,2740728,2740447
http://localhost:8545,10,26,156.24,44.22,67.68,1.60,8.14,0xc6f86bc15282cdc9657773b34aa669544b0202dd947ba6818024986459df5bc0,2740704,2740423
http://localhost:8545,11,18,156.16,44.22,18.71,0.86,9.14,0xacc7af8414d9053131112792ae05c2ce46955571782c41e04515b267b1bdcc63,2740677,2740396
http://localhost:8545,12,19,156.16,44.22,18.51,0.86,9.15,0x4610b13979b37d471ee739c8080e17beb1263378588e985859e8916ce3c44aa2,2740719,2740438
http://localhost:8545,13,16,156.28,44.22,16.43,0.88,8.14,0x825bb4aa8152bb57bfaf9d5c2722e65457169bb38ed9e509d73ca99a5d1bfbaa,2740740,2740459
http://localhost:8545,14,26,156.08,44.22,64.92,1.54,9.17,0xf2bf457fe0530ee25aea41c11760cee8c5201146bb4177f650baf44dea835e5d,2740749,2740468
http://localhost:8545,15,35,156.18,44.22,34.00,0.85,11.16,0xaf244c4663de6565704ea1f7d4e569e23ef7a1368e1cca207f4a371de684290b,2740776,2740495
http://localhost:8545,16,27,156.11,44.22,53.61,0.87,7.14,0xd71d6527571e35024622fbce40fa211442013a825d1a5b03eec9785dc34801a2,2740761,2740480
http://localhost:8545,17,20,156.01,44.22,19.50,0.86,9.16,0x7b8f23b15d6c4abe765e9ad3562fcccae431e53f57b7caad356b8ba4f5d5b664,2740749,2740468
http://localhost:8545,18,19,156.10,44.22,49.86,1.55,8.21,0x49fe0f0b06fb733e97892bd1d8cd2934d2d90b803a0e347bff7b48a2dc1f3279,2740746,2740465
http://localhost:8545,19,16,156.01,44.22,15.37,0.87,9.15,0x033367e6599bb50fd1cc4c4300880727b1d4a8c5e775eca189db28bbbf1412e2,2740752,2740471
http://localhost:8545,20,17,156.23,44.22,16.72,0.87,8.16,0x729a5e528d738c8947f0de87e37b59c179b0a85307a87c4ed853203ffb334bd5,2740779,2740498
http://localhost:8545,21,17,156.14,44.22,18.07,0.87,8.17,0x1dd7826e82516f8cb3b19ab290068067970ea7be93771f9b571b73e70b9ac999,2740749,2740468
http://localhost:8545,22,32,156.23,44.22,72.59,1.59,8.13,0x46c8bfc90fdadd314d7f75ab82b6d14e81f176bd55e024b89d778a461208022f,2740698,2740417
http://localhost:8545,23,29,155.98,44.22,30.16,0.87,9.13,0x128b0bd99b36d248fc398d0a8525126b2b9e30ffc7c6029589a1fe695a94cb84,2740722,2740441
http://localhost:8545,24,17,156.25,44.22,17.86,0.87,9.15,0xe32cbfa25159d5b6ae768893f66d9039802bab7c9607de97db3cfb92cfb69c69,2740734,2740453
http://localhost:8545,25,16,156.12,44.22,15.88,0.87,8.14,0x0a2a2ab6969451bb53b84e6a9fa6ec375ac8614f72053a1a7395dec4194feccb,2740755,2740474
http://localhost:8545,26,23,156.15,44.22,53.69,1.39,9.14,0xbac457063e278bf9de38ce713566c026cab7d1418ad04346c9bbd3c153239558,2740761,2740480
http://localhost:8545,27,17,156.34,44.22,17.29,0.87,8.14,0x564d79c385ea9dd147c3aeb5966c83470971a46a16b30fc975011e4386c5c607,2740731,2740450
http://localhost:8545,28,17,156.09,44.22,16.20,0.87,8.15,0xf0d1027572bc4d492e657f129e52e7cd9218493966c1aa35f79a9080558bb897,2740713,2740432
http://localhost:8545,29,25,156.04,44.22,24.51,0.87,9.17,0x2ef7c15e105f1ed802c62e0081b8da7a61383352b0aab3d45c56ed42a9b5f343,2740710,2740429
http://localhost:8545,30,49,156.18,44.22,79.17,1.21,8.14,0xccf1ee359228ed9550c226e7c9b54dbb84de20b6d4ba6c0f613074be106632a9,2740767,2740486
http://localhost:8545,31,21,156.08,44.22,20.45,0.87,8.15,0x1159f147b79d708806e97a10e1abf70ca312431ea5dfefb6ec1ddbb4a64c1886,2740743,2740462
http://localhost:8545,32,18,156.08,44.22,17.83,0.87,9.13,0x37949a5f266c56fb03e818a6e854b61146f86335a7ce3c17eed97420220b6955,2740674,2740393
http://localhost:8545,33,18,156.32,44.22,17.59,0.87,8.12,0x732a39bf48bcdd422e1a5f50df3a46a8d65df6fc71a338d72777a3c068e93b45,2740761,2740480
http://localhost:8545,34,24,156.22,44.22,58.57,1.41,9.15,0x92e2ffbea9e3426bf06b663cec0415dad246dd079f60e5c10175aea620c791e3,2740755,2740474
http://localhost:8545,35,18,156.20,44.22,19.10,0.87,8.12,0xee09b7809674ed185eb583e436221c7e3ff2ed19086b5abc5d72653feeca1ad1,2740782,2740501
http://localhost:8545,36,18,156.14,44.22,19.31,0.87,9.14,0x6f5442a9b0a5e3482883693dc7fba1f4610a796417ac048ba1f9ce10296ba9f7,2740713,2740432
http://localhost:8545,37,20,156.18,44.22,45.91,0.89,8.26,0x191ee453973b094896bc9db72213f59b10c509cde675fb5ac288c4311240e13c,2740719,2740438
http://localhost:8545,38,20,156.15,44.22,54.80,1.55,9.13,0xde55550a87072b5ac1049cdeccaa75c9da17e698642b6df8d1d89853cee5119b,2740752,2740471
http://localhost:8545,39,18,156.22,44.22,18.27,0.87,9.15,0x205b8b5a306bdc8ec406794e85a63c1757916751dbda3f6c71252a9b3ce7757b,2740746,2740465
http://localhost:8545,40,16,156.18,44.22,15.85,0.87,8.15,0x81e16bbceda45087e66567de403be875afea71daf3f8ab13cbe07dec122e8703,2740746,2740465
http://localhost:8545,41,18,156.16,44.22,23.38,0.88,8.16,0xb625051841fb8b6ca4b638a05525d466017d84248329e8cdb3358b1c73419f29,2740734,2740453
http://localhost:8545,42,27,156.12,44.22,64.89,1.86,9.14,0x0d592c221a534706902538a790c086011de1c86511d749beeaa792c82d888ecf,2740746,2740465
http://localhost:8545,43,31,156.09,44.22,30.80,0.86,8.19,0xc53a3c4925ad04d076346989ca546b445c1e3e348259ef7b64db1367d4a3bff4,2740758,2740477
http://localhost:8545,44,16,156.27,44.22,15.79,0.87,8.13,0xae6674c6c06fd6f412aea63f316e7d5a8fde97b015bd7fb8477999639c6d7546,2740707,2740426
http://localhost:8545,45,26,156.41,44.22,26.54,0.87,9.14,0xd2ca8e922a0f86f1c65bd6632786f823b372626b834ec2258bd22ccc11c9843f,2740773,2740492
http://localhost:8545,46,24,156.12,44.22,61.96,1.53,9.11,0xa669e9ec35189bad81c6e5cfbd556287445dcf9ce11f945ba8eb4fe8f258cb87,2740734,2740453
http://localhost:8545,47,18,156.02,44.22,18.11,0.87,8.17,0x72875dae196ca28d67c5b5a565fb3fb6b94f409b1465708803e711e9b8a68e8e,2740662,2740381
http://localhost:8545,48,19,156.32,44.22,19.26,0.87,9.15,0x5a8c1982ab4ea5e8b84bc84cc2de3580963ee7c4334c5260dd252ba307ac239f,2740770,2740489
http://localhost:8545,49,32,156.23,44.22,33.96,0.87,8.15,0x4098cfcdf7583fd2b770a241dc72f6e54b692179e389864b0d0b39a0d3240b10,2740800,2740519
http://localhost:8545,50,31,156.14,44.22,73.03,1.31,8.12,0x03dc3883275f51b7969a492ca78ab35f7f1a539a5b1caca18621b692ef4def2d,2740734,2740453
http://localhost:8545,51,31,156.13,44.22,23.48,0.87,8.17,0xded18858391baa2738187ed62f3bd4403d93b70a437d0f7da2641c481e2e9b4a,2740734,2740453
http://localhost:8545,52,19,156.21,44.22,18.75,0.87,9.15,0xfc44cb42a9b4f26d7c3617d7984fb457ceb010675192042891737d8417e11e3f,2740758,2740477
http://localhost:8545,53,18,155.93,44.22,18.45,0.87,8.13,0x054eb597040f1a6202f03633d7eff7a985c7f9ed2abb86c08bc8dbf6d5d4c213,2740752,2740471
http://localhost:8545,54,36,156.42,44.22,82.50,1.32,8.12,0x33332711fa985afa37f752697c158e2893f0c7647346884abbb10d15857a30e8,2740764,2740483
http://localhost:8545,55,22,156.09,44.22,21.84,0.87,9.14,0xff9eef45640510bc9602a63af9263d9315aeb91a957f8beaff6e2416e6fb4bb5,2740752,2740471
http://localhost:8545,56,17,156.14,44.22,17.48,0.86,8.15,0xa336ccce738438dcf9fd9b9cde98484c1b51e22a49ee4084e384bc154b85f734,2740761,2740480
http://localhost:8545,57,19,156.05,44.22,21.92,0.86,8.16,0x37580a018a02509b3cd7994f18e9c40e75ed22fa44642c18ce6899a670f5876f,2740701,2740420
http://localhost:8545,58,35,156.36,44.22,69.56,1.36,9.14,0xcd23ea0d201d8e1878d942512448ab828d79e826ce3db14ee904b7df8cbf9bd6,2740773,2740492
http://localhost:8545,59,29,156.31,44.22,26.89,0.87,9.14,0x78e0fe9c599ddb9218fdc8f87d2d881f85f93123929072f08a6b61ef89174b0e,2740779,2740498
http://localhost:8545,60,18,156.00,44.22,18.41,0.87,8.15,0x7fafe8d9288cdd45c29c7183e114b59671f3ca9b81a0fb6521e00b01c395b442,2740773,2740492
http://localhost:8545,61,18,156.20,44.22,18.02,0.86,9.19,0x32b7880b6c58c37fed473d89482e5b5ab9cf7888fd4ab3e37425178561ce831c,2740671,2740390
http://localhost:8545,62,20,156.06,44.22,48.60,1.32,8.13,0x7c1659d5886d43dbd57cad5e704d88fe0dbd252f3fec009d46c05069e0839cf3,2740743,2740462
http://localhost:8545,63,18,156.21,44.22,17.21,0.87,8.17,0xaea5e9d8cbc3f7f0c99caac3e77e8ecbee80e08db565c20b213bba37a003435b,2740707,2740426
http://localhost:8545,64,23,156.06,44.22,23.11,0.87,9.14,0xd129c98b1997402bcaf6bdd7da812077a27a97691ec6eed017a95e1bd9e06c8d,2740680,2740399
http://localhost:8545,65,18,156.28,44.22,18.22,0.86,9.13,0x6ed5d2570bbe37131c2c0948d8390bb80263ab4bd1a5160dbf7072e4bfc6bdc3,2740773,2740492
http://localhost:8545,66,28,156.23,44.22,64.54,1.27,9.14,0x7108542aa3c560a69667a627598e8c92a03bf6041db5e42c8625bd21f4592653,2740761,2740480
http://localhost:8545,67,17,156.30,44.22,17.08,0.87,8.15,0x9221dfd2e49dad6b06f5f27e38985e6da00468dc808a5342c7e52edf6106830f,2740704,2740423
http://localhost:8545,68,32,156.07,44.22,27.26,0.87,8.12,0x9be9f66f6c0d86bdd9069d97428be0418aae389b5d16c0dfdb74c99ddde611b7,2740707,2740426
http://localhost:8545,69,23,156.22,44.22,23.30,0.86,9.14,0x6cff0df87b1f9dc0977b43199c5bd04ae0dfe42bb40631409810abff929d35f6,2740722,2740441
http://localhost:8545,70,27,156.17,44.22,72.83,1.52,9.14,0x45d0fff35a434242ba9d722f0a45cd88d0f0781c11c8cd717d31a715bae30afb,2740722,2740441
http://localhost:8545,71,18,156.47,44.22,17.39,0.86,8.13,0x6bddc11347333a6f1a3c405d8228380913585252bc6624e880392f60593a6fd4,2740698,2740417
http://localhost:8545,72,20,156.10,44.22,21.71,0.86,8.15,0x29c9d6b7fc3593770dbadd6ffb66c578e0f3859b958d1482d81bafe16defaca2,2740728,2740447
http://localhost:8545,73,31,156.16,44.22,31.53,0.85,9.15,0x29eee0c14c5eb44bb5ad84ee5240024474231f41ebab6ae0c19b701080735ae5,2740770,2740489
http://localhost:8545,74,25,156.18,44.22,60.93,1.47,9.13,0x3f6acc63c3fd272ab4c43b41bf6c322fa8a08507b0d8be568f19f8bde19abf09,2740746,2740465
http://localhost:8545,75,15,156.21,44.22,15.73,0.86,9.16,0x90df38627daa4faa2a197a23e27d5f8931367a2daa9681be6d56fa9273513a95,2740746,2740465
http://localhost:8545,76,17,156.08,44.22,18.12,0.87,8.16,0x75ec314f6b2f7c13408fb5456e3318c93a9e8fcdd46236bf0605e627f6b097bf,2740644,2740363
http://localhost:8545,77,21,156.19,44.22,24.44,0.86,9.15,0xafa82bfe06229320b25d34dec1bd77b46e944bf7997ad202cbece3568939ce1c,2740710,2740429
http://localhost:8545,78,37,156.33,44.22,99.68,1.51,8.17,0xceed280e432d855bf7f9445ff55f566103a25118d6844329d5a1ce2ee1b7add8,2740686,2740405
http://localhost:8545,79,20,155.91,44.22,20.39,0.87,8.18,0x5197e50c626b87ed25552073f517a809b0d9fdf4344f8212592ae02d8686bd5a,2740716,2740435
http://localhost:8545,80,17,155.93,44.22,16.20,0.87,9.14,0x64908c793c727e75f551fcd0dc252764d0064beee08a50a8eb3de366e22f7870,2740680,2740399
http://localhost:8545,81,24,156.16,44.22,24.11,0.87,9.16,0x2700f4811eaf0e0a523aef2b80468b106baf6d1f2e387d06bab2d80a93a71151,2740746,2740465
http://localhost:8545,82,21,156.17,44.22,49.37,1.53,8.17,0xb15a0b138b77531080ea0fbe8e762e3088b840eb51b32523b24e7d645dff5b75,2740719,2740438
http://localhost:8545,83,16,156.04,44.22,16.10,0.86,8.14,0xf18de144b32665cc6ed9aeea37115df4306cf5aec48538759bfa403e27d1fa11,2740776,2740495
http://localhost:8545,84,29,156.10,44.22,28.61,0.87,9.16,0x91610048636a0a8798d7620a8b5939897fbd80a97c10235aba9f6bded8979ead,2740752,2740471
http://localhost:8545,85,20,156.34,44.22,20.48,0.87,9.14,0x77862a4082283efad5c8618c73a1bc7b4163bc7f310771df58e145996aa3dd2d,2740734,2740453
http://localhost:8545,86,25,156.00,44.22,62.18,1.43,9.13,0xb91582d48a35cc4ce9f45666d23cdd74b421aa3320c66d93cbe44ea26f63c2a6,2740680,2740399
http://localhost:8545,87,16,156.36,44.22,16.03,0.87,8.14,0x40e66591f3021e155a2c8ca29bc37b6f0def3fcade4a9de50626bb9e7253bc1f,2740755,2740474
http://localhost:8545,88,19,156.15,44.22,18.91,0.87,8.13,0xedb95e34a9da053935041980cfb4763e5366e1519ae186d134c4dee1c54ad3ba,2740761,2740480
http://localhost:8545,89,20,155.94,44.22,20.15,0.86,9.13,0x9bf20b0e4e9c93bb8b64bffe0d3a93eebcd34da36ee8a6b21be77ef895e45819,2740746,2740465
http://localhost:8545,90,28,156.07,44.22,69.06,1.62,8.13,0x539f0b7dc048f40e6ac445a56dfaaf0fb373e8d8ab79e20dd78886140d540ef2,2740752,2740471
http://localhost:8545,91,27,156.20,44.22,26.29,0.86,10.15,0xf84b36a82e330551890fedd292a7124e2dccfd99882bb921df6c3f21ac441270,2740740,2740459
http://localhost:8545,92,21,156.17,44.22,21.20,0.87,8.12,0x941b792176fe944df98387c4751e02e3de3cecabe071ead6b86a8b5dc6012192,2740719,2740438
http://localhost:8545,93,16,156.08,44.22,16.14,0.87,8.13,0x792bcfac839b3ff14e6c6f52779ef30c723bf4f83b6546826924dc02367bea25,2740734,2740453
http://localhost:8545,94,30,156.03,44.22,77.10,1.44,9.14,0x41b16ab0c320a1feda968032cf8a0e50819bf18e93bf45a1344cf028169e9aaf,2740638,2740357
http://localhost:8545,95,18,156.15,44.22,17.86,0.87,9.18,0x1960cab0ed29409a09283881c71e00263aa203c8579c39e8dd60b28afc4c7d64,2740746,2740465
http://localhost:8545,96,26,156.38,44.22,26.96,0.87,8.15,0x521f91089fe33b668a8a6dfa34455b5adb361f58c72c4f3821f2fb9fb64c8f72,2740656,2740375
http://localhost:8545,97,27,155.94,44.22,24.72,0.86,8.18,0xbadf78e9011d639719cd4c261f92d894059cca41d94ca892d9beebb6b375c6e9,2740791,2740510
http://localhost:8545,98,28,156.27,44.22,61.19,1.49,9.16,0xde017732a2a27f08066b92ed14b26ae7e4b61b8a84a64db7167a449966a5472f,2740749,2740468
http://localhost:8545,99,23,156.05,44.22,23.10,0.86,8.17,0xa8a40054ef4ae7abece1eb9c100d05aaf41ad079cc423fd6be356ef8d7587871,2740770,2740489
http://localhost:8545,100,24,156.24,44.22,22.55,0.86,8.15,0xa961aa76843da8a66075ff94cb6e6c362460059d651ce410c29b254188e3d6c6,2740686,2740405
http://localhost:8545,101,17,156.13,44.22,18.58,0.87,9.22,0xade6ba7f345a00ee69121aa63999aae68ed658bb58594badba2ed9d98dac0369,2740776,2740495
http://localhost:8545,102,40,156.17,44.22,65.81,1.29,8.15,0x8812d374be0049258873b48be726439ad35a89c22d5b304695afeb1ce9adf92d,2740641,2740360
http://localhost:8545,103,20,156.08,44.22,19.52,0.87,9.13,0x502fe8235faa319cec6087c19a2e04fcc2f68ee213183e47970b4eefb013eaae,2740719,2740438
http://localhost:8545,104,18,156.30,44.22,17.61,0.87,9.13,0x8163c8057bad0dfba44dcec305579ee64b701369863757dfc1f5009c1534d59a,2740734,2740453
http://localhost:8545,105,17,156.11,44.22,17.53,0.87,9.15,0xeb78b125a3a595215903f4f82f9722f42521b53944d6ed2cf73ee76c49f1fcc7,2740743,2740462
http://localhost:8545,106,25,156.02,44.22,59.92,1.32,9.12,0x63992f7a896e397c401e66b8f0d506876c9b45a0d2e3db6dffa7d5a6293d463d,2740677,2740396
http://localhost:8545,107,19,156.16,44.22,18.67,0.87,9.14,0xdbc34d45ed4f67ac9e22820d3fcc362abb0587126d4156bd4324f202ef6445bb,2740686,2740405
http://localhost:8545,108,17,156.40,44.22,16.94,0.87,9.14,0x04989114e41f769eca73a7a4f485aac4ca9e74cedfbfe39ccaf7ae66ad33a2c1,2740719,2740438
http://localhost:8545,109,29,156.14,44.22,30.10,0.87,9.13,0x8ee2e80f9f29005c4466c527e6c9900b9f520ec09f16c8acb7369b7068548e2c,2740719,2740438
http://localhost:8545,110,18,156.17,44.22,49.44,1.57,8.13,0x7b124c15d7b1516a99e878a65f5ddc2c9f8d77c70c857ebdda0b20bff3b2e4bd,2740722,2740441
http://localhost:8545,111,20,155.95,44.22,20.47,0.86,9.14,0x3a98af23ca9efefa57e878b1f3e904f41cffebcc0427c8def41750d57254322c,2740824,2740543
http://localhost:8545,112,19,156.33,44.22,27.82,0.87,9.13,0x4fd8e3ea8b94672e6e4a58f91bddb730d2e17803107418c29ec4f67486acbb0f,2740794,2740513
http://localhost:8545,113,19,156.03,44.22,19.36,0.86,8.17,0x9c526d6d986c13b53e5e3304b85b7f69e1dcc14afb6c1cbe7ffdc9a0fdd7aa6e,2740704,2740423
http://localhost:8545,114,35,156.18,44.22,80.86,1.53,9.13,0xd74d2797b3a5d093dc314f32ba160013dccbf0c7fbfa9d579f4fd6b1ae8b9bb3,2740779,2740498
http://localhost:8545,115,27,156.22,44.22,26.71,0.87,9.12,0xda5933068488b357fecd4fb6a46718d625eae111a95dd996fa211ed5ee963301,2740689,2740408
http://localhost:8545,116,15,156.11,44.22,15.51,0.87,8.13,0xcc240364207d89904967b9d60dbc4cb8bf59cefcf884ea7853e5eb387bcb8b16,2740719,2740438
http://localhost:8545,117,18,156.06,44.22,17.85,0.87,9.21,0x27dc596b7a8b901df3a95f02189d9734aa536db3175fef876bb5f20ffbc1ca7b,2740701,2740420
http://localhost:8545,118,26,156.27,44.22,67.39,1.48,9.17,0x76fe312569a5f1b9cf04e038cd1602616a546a1972de2afa8497e31aa3ec2f46,2740803,2740522
http://localhost:8545,119,19,156.23,44.22,18.85,0.87,9.12,0xcd74eb877d2bd35b7a991282dd651834ec7b852cf157271b858ef95d9aa5af2d,2740749,2740468
http://localhost:8545,120,24,156.04,44.22,24.02,0.86,9.13,0xa6eab01b1c276ad6c910de45ecf02e1631838f251978afcb988c96480f99b894,2740743,2740462
http://localhost:8545,121,31,156.07,44.22,31.16,0.86,9.15,0x261d4ef515d2b136b2fa4a0ffda4eb0b2c8259e71e78dee30487163cc9720720,2740641,2740360
http://localhost:8545,122,25,156.18,44.22,63.73,1.52,8.14,0x2b6761399eb109b6c04a404d223e644f0dd818df0dc88ffee64da475c58a514c,2740776,2740495
http://localhost:8545,123,16,156.22,44.22,15.12,0.87,9.14,0xdbaf553f7a0cf6b9eefac62f3d5fe195aa0fdf56b6263382107a8b8f0119512e,2740698,2740417
http://localhost:8545,124,27,156.10,44.22,26.77,0.87,9.10,0x1afa58f8fd6287aac58af279eae518a228d96b2af84e190b5356035ccbfeb161,2740671,2740390
http://localhost:8545,125,16,155.98,44.22,16.22,0.86,9.16,0x6e185e1b868f81325471123c421de5a40363237b6e996732f0f4ad0e72faa3f7,2740722,2740441
http://localhost:8545,126,39,156.16,44.22,87.02,1.48,9.12,0x19d6e42286aa9afa1410e86ecb49f722fc37b995cef1f18def711a42099a64f4,2740728,2740447
http://localhost:8545,127,19,156.17,44.22,18.97,0.87,10.13,0x1bf32c8c794868737b1126c03dcf5bef12a9d7e457cccf5ce18e225a72cbb173,2740713,2740432
http://localhost:8545,128,18,156.39,44.22,17.69,0.87,8.18,0xe5a79e6fde70d967034c3f4723989db7f58fe32d4ce517e7708a713517331a8a,2740764,2740483
http://localhost:8545,129,19,156.10,44.22,18.83,0.86,8.17,0x79d9fc81143e5008e24704495e963e0184eb2dfce5409c14b39614b3509e94ad,2740701,2740420
http://localhost:8545,130,14,156.17,44.22,35.89,1.39,10.16,0xb3f42a76902d9b89633f67b3e8442f31dc5d96c66739a77f4b74d8c2fb0b00ad,2740761,2740480
http://localhost:8545,131,19,155.94,44.22,21.25,0.88,9.13,0x442e36a0fb466513e4a76b54e235eff8863d124093796759f8867fc875e1accb,2740686,2740405
http://localhost:8545,132,16,156.13,44.22,16.25,0.87,8.13,0x85ce9d7c9a4c2b360dc39ac7eab80749e508a37ce5a5dd8b06a2ca9d4d3f70b6,2740764,2740483
http://localhost:8545,133,14,156.21,44.22,14.31,0.87,9.13,0xe345562504fa6324436c73607c94238a682fe61b81af7a65d9d16195e1679da9,2740725,2740444
http://localhost:8545,134,23,156.28,44.22,60.33,1.46,8.15,0x370d38a97d51ea432b1570e6ec693b4ab125b7e1614434f0cccfad83cea363b9,2740659,2740378
http://localhost:8545,135,15,156.04,44.22,16.03,0.87,9.12,0x2b4b37befe0e2b08aff12c82efc83285665728aabf44e6a81021659dbef0fa18,2740782,2740501
http://localhost:8545,136,19,155.95,44.22,20.39,0.87,8.20,0x6f7f8df591e5414b9fa5164fbec2e5bd5e4f83d00d87ca153efaa1e98fb56b2a,2740758,2740477
http://localhost:8545,137,76,156.25,44.22,30.52,0.86,9.12,0xe6e1fdf08e60725c4b2c2b2804b73a9bcb50cfcee2ebb5153bdfda96eeaf01bb,2740734,2740453
http://localhost:8545,138,43,156.11,44.22,99.39,1.38,9.16,0x1c90dbd9208f6558949ae4e0c01bffe580dd40f61607ba927d1c8acfa4c82778,2740737,2740456
http://localhost:8545,139,25,156.17,44.22,27.28,0.87,8.15,0x9b95c11bdb72c659f4077d2ceae64380884f8407acb62417f6632236b572092b,2740770,2740489
http://localhost:8545,140,17,156.28,44.22,16.24,0.86,9.14,0x94329704a6c717705cbf6148f21218db2eb627eb72d8ee5da88e18fd0b09edc8,2740713,2740432
http://localhost:8545,141,14,156.18,44.22,14.79,0.86,8.13,0xf20ae51adf728fa66c871136f0245f9601a6d85bf5239d43649e334620fe60f1,2740782,2740501
http://localhost:8545,142,27,156.24,44.22,68.07,1.48,9.12,0x51015361fb1c1cfe2507e24190e1036fd9e6479cb025979d0d092a12b83bc4c4,2740788,2740507
http://localhost:8545,143,26,156.25,44.22,26.72,0.87,9.15,0x356a02bd404a57b60780397ea63088ee36e5eeb946d13aa8c1ccfe98c70a8d3a,2740722,2740441
http://localhost:8545,144,17,156.07,44.22,16.81,0.86,8.15,0x5fed57aa3d8d235a3dc7912ac9a9cce886eaf0c9371b1e53936b11992225c99c,2740716,2740435
http://localhost:8545,145,14,156.21,44.22,17.08,0.87,9.12,0x234d40f93b83aa06148d80ae0b587d5569b77646d6ca051c3e5cc215f35b1dd0,2740716,2740435
http://localhost:8545,146,31,156.19,44.22,63.49,1.67,9.14,0xc522eb1e65ad4316c479194bb5436901668f79acbcbb0be1d42f4bb54a245d7d,2740788,2740507
http://localhost:8545,147,18,156.24,44.22,17.89,0.86,9.15,0x6731ab80d8a8b2442a3d3fac446a27ea8f07fdc5f57f6abd8177ec4ccc1a5bed,2740728,2740447
http://localhost:8545,148,15,156.37,44.22,14.18,0.87,8.12,0x7cff1a2347065521be428d780fea5a59391cdd479553fbc0c2e3d576bf7b9fc0,2740770,2740489
http://localhost:8545,149,18,156.20,44.22,17.99,0.86,9.13,0x186a6f47228d33f22766eed3f42be99fe3df2fe4d04fd73218db1cce9c37f7f7,2740761,2740480
http://localhost:8545,150,23,156.29,44.22,51.06,1.62,9.12,0xaa91dd4f5fc59612103b2550472dfd8c6c65bb88d1fa56c07cbc555f95384de6,2740761,2740480
http://localhost:8545,151,18,155.96,44.22,18.23,0.87,8.15,0x93d172a9b0b388a470c14638b25350ed4a144bcb14636410cc2039c88f87aef7,2740668,2740387
http://localhost:8545,152,25,155.97,44.22,24.44,0.87,10.18,0x9173e6d619b5a2e90cd156315ae119568cf075e9027eef11de75682a19dd2d89,2740716,2740435
http://localhost:8545,153,20,155.98,44.22,20.61,0.87,8.14,0x27886aff8677a68a4ead61682b1c62445120fc976f8ced310e8664316544dffe,2740671,2740390
http://localhost:8545,154,29,156.07,44.22,81.98,1.86,7.15,0x7b6fafff5595ba3e18374cd538b0cbdc4cbf13ba24e337a708dec6216cd1bd6b,2740707,2740426
http://localhost:8545,155,18,156.32,44.22,17.11,0.85,10.11,0xa1578dfd59a36bec1375c214c7ce33d65e00d5b83b8ed80e109db2d4248af2c0,2740788,2740507
http://localhost:8545,156,22,156.27,44.22,21.97,0.86,9.13,0x109a6d9dfee9380b368b5a5b5c2a5078a6c00b9e4c0551ce6338b8ee3e6ec33b,2740734,2740453
http://localhost:8545,157,17,155.93,44.22,16.66,0.86,8.16,0x18045583b63813571460f1806bfe5e5809f4b1830c9b4db7884a33b7d43d8a9f,2740737,2740456
http://localhost:8545,158,27,156.31,44.22,67.51,1.47,9.18,0xf58ed962f406498c69668d953b9d25155afdfce9dd39ff677e688aed9a7c7179,2740800,2740519
http://localhost:8545,159,22,156.19,44.22,22.62,0.87,10.14,0x93c31726b5f70f373b2475668e77c0dc84893d6a87b671c21019812c3632027d,2740773,2740492
http://localhost:8545,160,17,156.18,44.22,17.12,0.86,8.13,0xeec34cfec83868e65058c9fbe23a2965dd2def45d30174b54fa9c4571e0511b6,2740770,2740489
http://localhost:8545,161,21,156.20,44.22,24.33,0.86,9.13,0xf21353cbc51fe72123c268c55b1b6278ace04adac6e4f297a8df094473408d15,2740698,2740417
http://localhost:8545,162,24,155.85,44.22,62.91,1.54,8.15,0xd91145a32a5728bc621a0ffc967eef12a67a636bc56fb12a17ae1c97f2df91a1,2740785,2740504
http://localhost:8545,163,16,156.22,44.22,16.72,0.87,8.16,0x732e44148f75391c2d0bcb2b2c588d01205ff198b866ea4555f530865ed0ad5b,2740797,2740516
http://localhost:8545,164,13,156.30,44.22,12.42,0.86,8.13,0x52c7da04692d50449dd27279b0bcde9da87f4d3b9d93394b20629c0b27924a9a,2740764,2740483
http://localhost:8545,165,20,155.97,44.22,20.20,0.86,10.21,0x1682b12313f6b6f059196531b1bbdd48cc0d3746756b654497a2f32c099dbe0c,2740740,2740459
http://localhost:8545,166,21,156.05,44.22,51.14,1.31,9.12,0xe1dd36344fd27b57464ea613014154d9e64df67f1f0a5896747b4ce797313a57,2740749,2740468
http://localhost:8545,167,20,156.23,44.22,29.68,1.04,9.15,0x1bd6733d012dcf2f93b0634172fca9af03ed1441e8b70d24d484cb998cf7abbd,2740848,2740567
http://localhost:8545,168,18,156.13,44.22,18.30,0.87,8.20,0xde80d5fa9a1431a566d812b21df54e3101c631a7bb1473c73518797691f5f585,2740728,2740447
http://localhost:8545,169,21,156.27,44.22,21.11,0.86,9.14,0xa29173e3b10cf6012e9ff3972b741bf0d223da8d20e742fd3e5528d37e8b2c65,2740731,2740450
http://localhost:8545,170,25,156.20,44.22,48.68,1.46,9.14,0x222842d4aa1d4fe8fcf6126701f064db6933045beb8346cc199117860ce09320,2740704,2740423
http://localhost:8545,171,18,156.12,44.22,17.85,0.87,8.13,0xe5b2f8bbcf4054c343d098940a4cc20a4dbeec4cbc73988979a359dfd7915191,2740665,2740384
http://localhost:8545,172,17,156.39,44.22,17.26,0.87,9.17,0xc0ca7b1ad1d9f78ff2f3ab4b3ba8ebc4db4bed03ad189709db1a3f32d3d94dc1,2740734,2740453
http://localhost:8545,173,15,156.21,44.22,18.00,0.88,8.12,0xb98be96b2e6e73f8ac344b622aceca5e8428957d52fe4035e7cea9dc92bd3776,2740728,2740447
http://localhost:8545,174,25,156.07,44.22,70.66,1.76,9.13,0xc983f0f79a9e49c8e7ca8c1857e93a07e0df701fe2b7eb6fe5e157d9e90add05,2740773,2740492
http://localhost:8545,175,15,156.02,44.22,15.21,0.85,9.14,0x29bc8ec9858717feeacf21959f2f704e3866b347b493b0584c71f16ccb27a134,2740755,2740474
http://localhost:8545,176,17,156.16,44.22,16.48,0.85,9.17,0xc621bee24c2fe53610ab0f5ddf7ff94788c7c51d915d13bbe6042466f4d785f5,2740635,2740354
http://localhost:8545,177,27,156.23,44.22,26.35,0.86,8.15,0x60b4abe65c072605296260faf905e226d702ca11c2a48190ff101892753f7be5,2740749,2740468
http://localhost:8545,178,21,156.23,44.22,57.29,1.39,9.15,0x782e2e15d5d8c4f0579c9780dc3afac91bc91f7cd04f17df20b9588bf6c51067,2740719,2740438
http://localhost:8545,179,21,155.89,44.22,20.85,0.87,9.18,0x44be015147f376a921904084f73181d8e96025efdf3413707875ade3251427d9,2740812,2740531
http://localhost:8545,180,18,156.18,44.22,18.11,0.87,9.12,0xaac6519828210b5c0746e76eef192bcc99e2d0a374ba3a2da5c5e9c4bb72272e,2740758,2740477
http://localhost:8545,181,30,156.18,44.22,34.52,0.86,9.13,0x72fdf2da8621f27955752b1f66600ed81b09ac84bfc6cad7dc53a3f44b5bc49b,2740761,2740480
http://localhost:8545,182,27,156.23,44.22,71.95,1.49,9.14,0xe8a8ac6af1c44730ad4cfb61cef0f235ea527850b31a4ed5dd0f3644ed830045,2740731,2740450
http://localhost:8545,183,16,156.11,44.22,15.31,0.87,8.17,0x3835d60a712aa4f1489b2357cf51a70d44e1e2fe1b942484e55db20987253a59,2740722,2740441
http://localhost:8545,184,17,156.22,44.22,20.18,0.87,9.12,0xda77d4b14f746989687fdb9807452cb3a58f47f76ad51416f61f438cb56ab91e,2740752,2740471
http://localhost:8545,185,22,155.97,44.22,21.55,0.89,9.21,0x3e2919d683f7ff96c2cfbd9c0ff922b6d00e931313867d4dd4cacc73fbc7b194,2740695,2740414
http://localhost:8545,186,25,156.23,44.22,71.19,1.54,8.19,0x658a8ee68372c06c9bc052df74d3a6751ab6a957a2a2831abaca7022fd2cc35b,2740740,2740459
http://localhost:8545,187,18,156.07,44.22,17.55,0.85,9.13,0x86490581c0e82fc2815851a5ece0c1b9488a8e8bbbd0830fa2e8450e02a6aed7,2740656,2740375
http://localhost:8545,188,18,156.30,44.22,17.96,0.86,9.15,0x70eca8e6f7d8f51ac396458cabe4e0f3ab48afaa01a1b6d0e4d24d913ad671d9,2740704,2740423
http://localhost:8545,189,20,156.08,44.22,19.68,0.85,9.18,0xb3b4d3d926fb9639062cd6e57c814cc3e506a230922308e9e39f3248e6694fcd,2740743,2740462
http://localhost:8545,190,27,156.35,44.22,89.26,1.68,9.16,0xe7dd9b0dbe03b2cdac634241041073032438dfa690c993a122daaf4e9b7638cd,2740761,2740480
http://localhost:8545,191,26,156.16,44.22,25.80,0.85,9.12,0xb162e0eba2596e94c253be373154164a771dc307a401534e5f7c6d2afadfd8cd,2740764,2740483
http://localhost:8545,192,19,156.30,44.22,18.84,0.86,9.15,0x4c7917e82f959df44e7f74c9800db1f601ae268c63732293dc6e57458d5ccaf4,2740737,2740456
http://localhost:8545,193,18,156.18,44.22,18.46,0.86,9.13,0xa52292f1fee479d91d95e15853939736dacc12998491cc3d1af40559faa4e14a,2740728,2740447
http://localhost:8545,194,24,156.22,44.22,53.75,1.40,9.16,0x310be75b91dcf4b4a646ca2b286924abbc85f16a1216df1d5c27643c04aa1631,2740713,2740432
http://localhost:8545,195,23,156.17,44.22,22.46,0.87,9.13,0x00a851f4b9fb0357a22ea78258d5c70fec41762ca74b5079fdcf0d6b15543baf,2740743,2740462
http://localhost:8545,196,18,156.11,44.22,17.80,0.86,10.13,0xaefe7118480751e698b9890b790e84e1d00d0238ac51afb9172b7a83fa42776a,2740797,2740516
http://localhost:8545,197,21,156.09,44.22,20.73,0.86,10.16,0xc580e9c861a3c734c02c2da10b018f376e2ce3916dc4bd5a51c4033d215c82a8,2740656,2740375
http://localhost:8545,198,17,156.33,44.22,44.49,1.41,8.14,0x9a684409e4e18a3f8cd65603e5d1424bdcf20da51e67ef7bc2e451b310551a96,2740737,2740456
http://localhost:8545,199,23,156.05,44.22,23.06,0.87,8.15,0xaee81ea3d56d41e022c4881f5b9e6c9d9023ec4dffa3a3e548a794e0e3db764e,2740710,2740429
http://localhost:8545,200,20,156.41,44.22,23.19,0.88,9.12,0xfbff1f650b1e92b3e6037fc65c4ce6c4bc97dfee293e05232b312f838cecb6fd,2740779,2740498
http://localhost:8545,201,16,156.06,44.22,16.22,0.86,9.19,0xfad72d488318f0f23b3d447d2f7eb35ee01054369f6ddb71343fa81d5db8a161,2740809,2740528
http://localhost:8545,202,29,156.06,44.22,71.28,1.40,8.13,0x1a45a8ad18c005c0b9dd8e5a352da31701f29e7ffbfd532e841e06647f343039,2740761,2740480
http://localhost:8545,203,19,155.82,44.22,19.78,0.87,9.12,0xc48c565642da4f73917db0b3f83ef71ac3a263568b44a0a3c92a787624770564,2740695,2740414
http://localhost:8545,204,29,156.21,44.22,28.06,0.86,9.13,0xfae442bf88c877bac5c369d71ec25a000f563ed525b342a96ab8d487eadd434a,2740707,2740426
http://localhost:8545,205,26,156.13,44.22,26.68,0.86,10.18,0x49a9fc3449da591b7549559c3fc4524c524c858b0771197ca5e9ebc840170a3e,2740770,2740489
http://localhost:8545,206,33,156.04,44.22,88.01,1.44,8.17,0x812f5bf586292e8b2699014825d13e733513dbc74faf56a0d7c3661bf1b62f9d,2740755,2740474
http://localhost:8545,207,16,155.98,44.22,16.24,0.86,8.15,0x9229bbd0de1446d579cfcd7a2e69bbf4ebfd13d576a9eba7983c8621050f8822,2740686,2740405
http://localhost:8545,208,16,156.07,44.22,15.88,0.85,9.22,0x27b4f778d21afaf3939c2e2fdaffc34a0fb74f83a64ea2995251464831844e15,2740761,2740480
http://localhost:8545,209,21,156.11,44.22,21.47,0.90,10.18,0xeab2a6d17f774a05deeea6a1ca37284d306407ee80af251c4142ccf15e9fc8f1,2740752,2740471
http://localhost:8545,210,31,156.05,44.22,72.29,1.41,8.13,0xa69db1976a016ebea3f07d6ec40bfb5d957c46fa2f3f2a7f675d3b736ed6140f,2740719,2740438
http://localhost:8545,211,18,156.20,44.22,17.86,0.86,8.13,0xa0165b9aaa2e64e8a48e9433bbef79ad3febd0d3d7c1a20b98b7c0a7285bf36a,2740785,2740504
http://localhost:8545,212,32,155.89,44.22,31.27,0.86,9.13,0xf458c3f7c3a3903de5cbd4c6304e100ac362eb413e43b6a08001012eb914095a,2740692,2740411
http://localhost:8545,213,21,156.21,44.22,21.38,0.85,11.20,0x9147a231821bd4274e50d397f40b67d087010a5411137a4736a56ce5b77a6d58,2740746,2740465
http://localhost:8545,214,49,156.14,44.22,127.85,1.79,11.20,0x01ba2885112330650a45fd495cbb8fc202343d2582a2050e5d44871aad38ca76,2740701,2740420
http://localhost:8545,215,28,156.21,44.22,27.73,0.85,9.17,0x540adcc4606773decb584c85d0d110e5d4ae487fb28f557c131c8adbde1852fc,2740767,2740486
http://localhost:8545,216,22,156.24,44.22,21.52,0.85,11.21,0xcdee8a042f30a24dbd664a22cf85e5a362243ab8d30c2e8ffceef706cabc8373,2740812,2740531
http://localhost:8545,217,40,156.20,44.22,40.26,0.85,14.32,0xc7e6b16a6c6343ca0d079ac10566c23485b164f54734a3f806efcff771bded1a,2740782,2740501
http://localhost:8545,218,46,155.86,44.22,116.20,1.37,9.24,0xb4a51cd58d1992234bc21ab83782f6dd583eebb4b62068fd7b2eb0a11c94ec83,2740689,2740408
http://localhost:8545,219,37,156.22,44.22,37.22,0.85,15.20,0xde8f363d6cef9d3b922721b2322a54040ccf740ca36d025e0ae9131670323b51,2740749,2740468
http://localhost:8545,220,41,156.30,44.22,40.88,0.85,11.31,0x7fd45683711d371d70ba409588d66b5d567bf4fe25738ad5682ffee5d8664f8e,2740713,2740432
http://localhost:8545,221,43,156.21,44.22,38.57,0.85,9.16,0x5817edeed3cd6197d95b0c6fdf330f9ac851c1b71739733f9f921b34b5c67b41,2740695,2740414
http://localhost:8545,222,26,156.13,44.22,41.86,0.89,11.18,0xef9c0af5225cb137fffb9d792d14a418c4ff0c6f2f52236eb59c04024ec44e72,2740695,2740414
http://localhost:8545,223,48,156.24,44.22,117.66,1.41,7.21,0x29e17a9a4884ccee0092ee7188ea6b554e47601b9ab5f93a34988dbcacc246d1,2740794,2740513
http://localhost:8545,224,37,156.09,44.22,29.15,0.85,14.16,0x3a2daf62de8c2d6eb17690002c182fa9257516365e786508e31851757cd00768,2740713,2740432
http://localhost:8545,225,38,156.23,44.22,40.25,0.86,9.19,0x5be9989355e7832bf5f24ccd03004e64966914233f0ab6c168f89b3ef18abc70,2740806,2740525
http://localhost:8545,226,44,156.26,44.22,41.59,0.85,9.19,0x073cd91995cf8a17201d4269decfac5ee2cfb3f1c8d32290f99cc86d34d58d44,2740737,2740456
http://localhost:8545,227,44,156.27,44.22,104.63,1.35,10.22,0x0cbe7227b50d92182273df7c4e5f2ab53ac27013c716b833a077052511975aad,2740710,2740429
http://localhost:8545,228,20,156.03,44.22,23.11,0.86,9.18,0xf04f4c804218d96f019f3d6b74bd97cc1192882d25e1fb980fc1350181446772,2740725,2740444
http://localhost:8545,229,19,156.05,44.22,19.10,0.87,8.13,0x1601d6d66e9ce2d2aae9b477e5ad2b3a9825ff78f1f1859deec61e02dbd179b9,2740782,2740501
http://localhost:8545,230,20,156.25,44.22,20.06,0.86,8.21,0xde61c162a99207adf9449ce186393d80af59c3a94ebff1d77558ef4fbeeabcb5,2740764,2740483
http://localhost:8545,231,25,156.14,44.22,60.83,1.46,9.18,0x09ec9ee6a3aeb2fbc35746d078f26c1bfc774b6cdb735950faa7fbc5bf6762aa,2740770,2740489
http://localhost:8545,232,15,156.20,44.22,14.86,0.86,9.22,0xa7951ad4baff81a6b541d11119fff49746386b6104c60858d7900c97778c0a3f,2740713,2740432
